person_id,score_extraversion,score_agreeableness,score_conscientiousness_w1,score_conscientiousness_w2,score_openness,score_neuroticism,score_needforcognition,score_agency,score_communion,score_minimalism,score_BES,score_GREEN,crt_score,score_fluid,score_crystallized,score_syllogism,score_actual_total,score_overconfidence,score_overplacement,score_ultimatum_sender,score_ultimatum_accepted,score_mentalaccounting,score_socialdesirability,score_anxiety,score_HI,score_HC,score_VI,score_VC,score_finliteracy,score_numeracy,score_deductive_certainty,score_forwardflow,score_discount,score_presentbias,score_riskaversion,score_trustgame_sender,score_trustgame_receiver,score_RFS,score_ST_TW,score_depression,score_CNFU,score_selfmonitor,score_SCC,score_needforclosure,score_maximization,score_wason,score_dictator_sender
00a1r,3.375,4.444,4.556,8.0,4.6,2.75,3.833,4.667,7.083,3.917,3.8,3.5,3.0,4.0,7.0,5.0,19.0,11.0,6.0,60.0,100.0,100.0,10.0,1.0,3.75,4.0,1.75,3.25,4.0,7.0,4.0,0.845,-0.971,0.237,0.122,60.0,59.0,4.7,8.0,4.0,2.75,2.846,3.917,3.6,3.167,2.0,60.0
0cy1x,4.0,3.444,4.556,8.0,3.7,1.75,3.278,3.083,6.583,3.417,4.1,4.0,3.0,4.0,8.0,9.0,24.0,7.0,-2.0,60.0,83.333,100.0,4.0,4.0,3.75,3.25,1.25,2.75,6.0,8.0,4.0,0.897,1062793.353,-0.148,0.311,100.0,33.0,4.7,12.0,3.0,1.5,2.462,4.333,2.267,2.333,3.0,60.0
0di48,1.875,4.667,5.0,8.0,3.1,1.875,3.611,6.333,8.417,4.0,3.8,5.0,4.0,0.0,3.0,7.0,14.0,8.0,4.0,0.0,100.0,75.0,12.0,3.0,5.0,4.25,4.5,4.75,5.0,6.0,3.0,0.897,1501199876836558.0,0.022,0.522,20.0,49.0,4.3,23.0,4.0,2.667,3.154,4.417,3.733,3.333,2.0,40.0
0ifq6,1.25,1.667,3.0,0.0,1.6,1.5,1.167,2.833,1.75,3.5,1.95,1.0,4.0,4.0,7.0,9.0,24.0,-3.0,-4.0,60.0,66.667,75.0,3.0,0.0,4.75,1.5,2.75,1.5,5.0,8.0,4.0,0.799,4.429,-0.033,0.556,0.0,0.0,2.8,7.0,12.0,1.583,2.231,4.917,3.867,3.0,2.0,0.0
0ldjp,3.125,2.778,2.667,2.0,3.5,2.75,3.111,7.25,7.25,3.833,3.3,3.667,3.0,0.0,3.0,4.0,10.0,8.0,4.0,60.0,100.0,75.0,4.0,35.0,3.75,3.5,2.75,3.75,3.0,2.0,3.0,0.444,1258092.815,0.179,0.489,60.0,44.0,5.2,7.0,0.0,3.25,2.615,2.417,3.333,3.833,3.0,80.0
0xhxd,3.25,2.667,4.222,8.0,3.3,3.125,1.667,4.583,7.167,3.833,4.15,3.667,4.0,1.0,4.0,6.0,15.0,10.0,0.0,0.0,66.667,75.0,2.0,9.0,5.0,3.0,3.75,5.0,5.0,8.0,4.0,0.822,0.0,0.0,0.367,0.0,0.0,5.5,7.0,5.0,2.0,3.077,3.417,4.8,2.833,2.0,0.0
17cwz,3.75,3.0,3.889,8.0,4.8,3.25,4.333,4.167,6.75,2.667,3.75,4.333,1.0,1.0,5.0,6.0,13.0,17.0,-5.0,40.0,100.0,75.0,1.0,13.0,4.75,3.25,2.25,3.5,4.0,7.0,3.0,0.823,20772.845,-0.021,-0.111,20.0,45.0,4.9,10.0,20.0,3.667,2.692,2.083,3.4,2.667,4.0,40.0
1b3hy,2.75,4.778,4.778,6.0,3.6,1.375,3.889,3.833,8.083,4.0,4.4,4.167,3.0,0.0,8.0,6.0,17.0,18.0,-5.0,40.0,83.333,50.0,6.0,1.0,5.0,5.0,1.0,3.0,6.0,5.0,4.0,0.797,0.0,0.0,0.411,40.0,45.0,5.5,19.0,1.0,1.0,2.538,5.0,4.733,2.0,2.0,40.0
1njfu,2.625,3.333,3.222,3.0,4.1,3.375,3.111,4.667,5.417,3.167,4.6,3.667,3.0,4.0,7.0,9.0,23.0,11.0,4.0,40.0,100.0,100.0,3.0,8.0,4.25,3.25,2.0,2.5,6.0,7.0,4.0,0.818,0.0,0.008,0.172,40.0,48.0,4.9,7.0,13.0,2.167,2.769,3.5,3.4,4.167,3.0,40.0
1o3dm,1.25,3.444,3.0,4.0,4.3,2.875,4.056,4.417,6.5,2.333,4.4,4.5,2.0,4.0,9.0,5.0,20.0,14.0,6.0,40.0,66.667,100.0,4.0,12.0,4.75,4.0,1.25,2.75,6.0,6.0,4.0,0.851,350.002,0.056,-0.067,40.0,45.0,5.0,11.0,20.0,1.917,2.462,3.833,2.133,2.833,2.0,40.0
1vec3,3.375,3.333,3.556,1.0,2.9,3.75,2.333,3.5,7.25,3.167,3.5,1.333,1.0,0.0,2.0,4.0,7.0,3.0,-30.0,40.0,33.333,25.0,9.0,3.0,4.0,2.0,2.0,2.25,3.0,2.0,2.0,0.68,248.01,0.178,0.611,40.0,42.0,3.7,14.0,11.0,1.167,2.692,3.583,3.667,2.667,1.0,40.0
1z7bb,4.125,3.778,3.889,8.0,4.9,3.375,4.444,5.25,7.167,4.0,4.35,4.0,3.0,3.0,8.0,11.0,25.0,10.0,5.0,60.0,66.667,50.0,0.0,2.0,3.5,4.0,1.25,3.0,6.0,8.0,4.0,0.817,0.0,0.0,0.144,0.0,27.0,5.6,17.0,2.0,2.167,3.077,4.917,3.2,3.833,3.0,40.0
212kx,4.625,3.778,4.333,8.0,3.1,3.875,4.889,5.25,6.75,4.417,4.3,2.0,1.0,2.0,9.0,10.0,22.0,13.0,4.0,40.0,83.333,75.0,4.0,9.0,5.0,4.25,3.5,3.75,6.0,7.0,4.0,0.765,12.871,0.012,-0.033,40.0,28.0,5.4,8.0,5.0,1.917,2.769,4.667,4.733,2.667,3.0,40.0
293vr,2.0,4.556,3.444,8.0,2.7,4.25,3.056,3.583,7.583,4.167,3.9,4.333,1.0,2.0,5.0,5.0,13.0,17.0,-7.0,100.0,50.0,50.0,7.0,16.0,4.5,4.25,1.75,2.0,4.0,1.0,4.0,0.86,109.957,0.117,-0.178,60.0,55.0,5.9,22.0,27.0,1.417,1.846,2.667,4.333,3.667,2.0,60.0
29g1r,1.625,4.222,4.333,8.0,3.8,2.0,3.722,3.333,6.917,3.25,3.35,3.5,0.0,3.0,7.0,6.0,16.0,9.0,-5.0,60.0,66.667,100.0,10.0,4.0,4.5,4.25,2.25,3.25,5.0,4.0,4.0,0.839,4717.879,-0.093,0.15,60.0,69.0,4.9,10.0,5.0,1.083,1.923,4.083,3.267,3.167,2.0,60.0
2bpor,1.0,2.333,3.667,7.0,3.2,4.375,1.944,2.917,6.25,4.917,3.25,3.833,4.0,1.0,9.0,10.0,24.0,-9.0,-7.0,40.0,83.333,100.0,0.0,6.0,5.0,3.25,1.5,2.75,7.0,6.0,4.0,0.828,0.0,0.0,0.611,40.0,45.0,3.5,4.0,20.0,2.25,2.308,4.333,4.533,3.5,2.0,40.0
2ea2g,2.25,3.222,3.889,7.0,2.5,2.375,3.167,5.0,5.75,4.333,3.6,1.667,1.0,2.0,6.0,9.0,18.0,17.0,3.0,40.0,83.333,100.0,3.0,2.0,5.0,3.0,2.5,4.25,6.0,7.0,4.0,0.84,423.028,0.0,0.228,40.0,23.0,4.4,11.0,3.0,2.667,2.615,3.75,3.8,3.0,2.0,0.0
2g6k8,3.5,4.556,4.778,8.0,4.5,2.75,4.833,4.636,7.75,4.25,4.7,4.667,4.0,1.0,9.0,11.0,25.0,10.0,0.0,60.0,66.667,50.0,7.0,31.0,4.5,5.0,2.75,3.25,5.0,8.0,4.0,0.735,52.868,0.071,0.311,60.0,67.0,5.3,8.0,0.0,2.667,3.846,4.083,3.333,3.833,4.0,60.0
2vz3n,2.875,4.778,5.0,8.0,4.1,1.875,3.611,5.25,8.833,3.75,3.85,3.667,3.0,0.0,3.0,5.0,11.0,4.0,-5.0,40.0,33.333,75.0,9.0,3.0,3.75,5.0,2.5,4.75,4.0,5.0,2.0,0.839,2.336,0.033,0.189,40.0,45.0,4.8,13.0,7.0,2.5,2.231,4.25,4.333,3.333,2.0,40.0
33a05,1.25,4.556,4.778,8.0,1.6,2.75,1.0,4.917,6.333,3.0,3.75,1.0,1.0,1.0,7.0,6.0,15.0,10.0,-10.0,40.0,100.0,100.0,3.0,11.0,4.0,3.75,2.5,4.0,5.0,7.0,4.0,0.742,0.0,0.0,0.067,100.0,45.0,4.4,10.0,19.0,1.167,2.077,2.333,3.533,3.167,2.0,40.0
3biuj,3.375,5.0,5.0,8.0,4.5,1.0,4.5,3.917,7.25,3.167,4.15,3.833,4.0,2.0,9.0,9.0,24.0,10.0,0.0,40.0,66.667,100.0,11.0,1.0,5.0,4.75,2.0,2.75,6.0,7.0,4.0,0.705,695.178,0.031,0.333,0.0,0.0,4.7,11.0,0.0,2.75,2.923,5.0,3.667,3.833,2.0,40.0
3d56s,4.875,4.444,5.0,8.0,4.8,1.0,4.278,7.667,8.167,3.167,4.2,4.333,0.0,1.0,8.0,8.0,17.0,16.0,6.0,40.0,83.333,50.0,4.0,0.0,4.5,5.0,3.75,5.0,6.0,8.0,4.0,0.781,0.0,0.0,0.0,100.0,35.0,4.889,10.0,0.0,2.417,3.154,5.0,3.933,2.667,3.0,40.0
3uy58,2.125,4.778,4.667,8.0,2.7,1.5,2.722,3.0,7.75,2.833,4.4,2.833,0.0,1.0,7.0,5.0,13.0,7.0,-10.0,20.0,100.0,75.0,10.0,6.0,4.75,5.0,1.75,4.75,4.0,4.0,2.0,0.836,3926.091,-0.006,0.122,60.0,50.0,5.2,14.0,9.0,1.25,2.692,3.083,2.933,3.0,2.0,40.0
3wglb,2.625,4.111,4.556,8.0,1.2,2.375,1.056,4.5,8.167,4.667,4.85,3.667,3.0,1.0,5.0,6.0,15.0,6.0,0.0,40.0,83.333,75.0,4.0,10.0,4.5,4.25,2.25,3.0,6.0,3.0,4.0,0.854,14.137,0.014,-0.244,40.0,45.0,4.1,11.0,15.0,1.167,3.231,4.333,4.2,3.667,2.0,40.0
4kx6v,3.5,4.0,4.222,8.0,3.4,2.125,3.444,3.333,6.417,2.083,3.5,3.333,2.0,0.0,7.0,4.0,13.0,7.0,-17.0,60.0,100.0,75.0,11.0,3.0,4.75,4.75,2.0,3.25,4.0,5.0,1.0,0.807,0.0,0.0,0.233,100.0,97.0,4.5,10.0,2.0,1.417,1.615,4.75,2.467,1.167,2.0,100.0
4p3l9,2.5,4.0,4.778,8.0,3.4,1.5,4.333,3.667,6.75,4.75,3.6,4.833,3.0,0.0,7.0,9.0,19.0,7.0,0.0,40.0,100.0,100.0,6.0,0.0,5.0,3.5,1.75,2.5,6.0,6.0,4.0,0.868,4.826,-0.033,-0.067,40.0,45.0,5.1,10.0,0.0,2.583,2.692,5.0,4.067,3.0,2.0,40.0
4th4n,4.0,3.889,3.778,8.0,3.5,3.125,3.222,8.417,8.833,4.75,4.15,4.5,4.0,0.0,3.0,6.0,13.0,19.0,2.0,60.0,50.0,50.0,10.0,10.0,3.75,4.5,3.5,5.0,4.0,6.0,4.0,0.79,0.598,0.435,0.0,40.0,37.0,6.2,19.0,13.0,4.25,3.154,3.417,3.267,3.667,2.0,40.0
4wbsc,4.25,5.0,4.444,7.0,3.7,1.875,3.944,3.667,7.833,4.0,4.7,4.667,1.0,3.0,7.0,8.0,19.0,11.0,5.0,60.0,83.333,100.0,4.0,5.0,3.0,4.75,1.25,3.75,6.0,7.0,4.0,0.813,41.841,0.033,0.478,100.0,55.0,4.3,12.0,5.0,1.917,2.692,3.75,2.733,2.167,0.0,60.0
4wcis,3.125,3.444,4.667,8.0,4.7,2.875,4.167,6.5,4.75,2.667,3.8,3.167,4.0,4.0,9.0,10.0,27.0,12.0,2.0,40.0,83.333,100.0,5.0,6.0,4.25,4.0,3.25,2.75,6.0,8.0,4.0,0.83,5.05,0.0,-0.061,80.0,28.0,5.3,19.0,5.0,1.833,2.462,4.25,3.4,2.667,3.0,40.0
56vwl,2.125,4.222,4.0,6.0,3.4,3.0,4.056,6.583,6.417,4.083,3.9,3.333,4.0,0.0,8.0,9.0,21.0,9.0,5.0,40.0,66.667,50.0,10.0,13.0,4.75,4.75,2.5,4.5,5.0,7.0,4.0,0.859,401.491,0.023,-0.083,40.0,42.0,4.5,21.0,29.0,3.417,3.385,2.333,3.2,3.333,3.0,40.0
5puzl,3.75,2.556,4.667,8.0,4.6,2.5,4.889,5.083,4.917,3.75,4.35,4.333,4.0,4.0,9.0,10.0,27.0,15.0,3.0,40.0,83.333,100.0,5.0,3.0,5.0,4.0,3.5,3.5,6.0,8.0,4.0,0.823,0.31,0.0,-0.061,100.0,33.0,5.5,9.0,5.0,1.833,2.692,5.0,2.6,3.667,3.0,40.0
6qe7v,2.25,4.222,3.889,8.0,4.3,2.25,3.389,3.25,7.667,3.667,3.7,3.5,3.0,4.0,6.0,8.0,21.0,9.0,0.0,60.0,100.0,75.0,4.0,1.0,3.75,3.75,1.5,3.75,6.0,7.0,4.0,0.808,4428.086,0.099,-0.033,100.0,55.0,4.8,10.0,2.0,1.833,3.154,4.5,2.933,2.333,2.0,60.0
6rxfs,1.0,3.111,1.889,2.0,1.6,5.0,1.611,2.917,6.0,4.25,4.4,3.5,4.0,3.0,9.0,10.0,26.0,6.0,3.0,40.0,83.333,100.0,0.0,17.0,3.25,3.0,1.75,2.75,7.0,8.0,4.0,0.858,0.0,0.0,0.0,0.0,0.0,3.8,10.0,29.0,1.5,2.231,3.917,3.6,3.167,3.0,0.0
70l1y,2.0,4.111,3.889,8.0,4.6,3.125,3.111,7.75,6.167,2.917,3.7,1.167,3.0,2.0,8.0,11.0,24.0,11.0,10.0,0.0,83.333,25.0,3.0,9.0,4.25,3.25,4.75,4.0,4.0,6.0,4.0,0.832,0.0,0.131,0.233,0.0,0.0,6.1,16.0,10.0,3.833,3.231,2.5,3.8,4.167,2.0,0.0
76ux4,4.375,4.444,4.444,8.0,4.5,1.625,4.333,4.417,7.333,4.833,3.5,3.833,2.0,1.0,6.0,6.0,15.0,6.0,-1.0,40.0,50.0,50.0,3.0,7.0,4.25,4.5,4.0,3.5,6.0,8.0,4.0,0.873,0.0,0.0,0.406,60.0,55.0,5.4,8.0,9.0,1.5,2.923,4.417,3.333,2.0,4.0,40.0
7e5rr,2.75,3.444,5.0,8.0,3.5,1.625,3.333,4.25,7.167,3.417,3.1,2.167,3.0,1.0,7.0,4.0,15.0,12.0,9.0,60.0,100.0,100.0,0.0,10.0,5.0,3.5,2.75,4.5,3.0,5.0,4.0,0.856,,,,60.0,37.0,4.4,10.0,9.0,1.833,2.692,4.417,3.667,2.667,2.0,40.0
7ftdk,2.0,4.222,4.444,8.0,3.0,2.875,3.722,4.25,6.667,4.0,3.45,2.5,3.0,2.0,2.0,5.0,12.0,9.0,-6.0,60.0,100.0,25.0,12.0,1.0,3.5,4.25,2.0,3.5,3.0,6.0,4.0,0.783,4717.879,0.0,-0.278,100.0,55.0,4.5,9.0,6.0,1.583,2.154,4.0,3.267,2.833,2.0,60.0
7ge54,2.125,3.111,4.0,5.0,3.7,3.125,3.278,3.583,5.5,3.083,4.2,4.167,4.0,2.0,9.0,11.0,26.0,-4.0,-3.0,40.0,66.667,100.0,5.0,2.0,4.25,2.5,2.75,2.75,6.0,7.0,4.0,0.868,0.0,0.0,0.011,40.0,35.0,4.5,12.0,5.0,2.667,2.308,4.833,3.467,3.0,3.0,40.0
7hiu4,2.875,4.0,2.889,3.0,4.0,2.125,3.5,5.0,6.0,1.917,3.8,2.833,2.0,1.0,7.0,5.0,15.0,10.0,0.0,40.0,100.0,100.0,7.0,8.0,4.75,2.75,2.75,5.0,6.0,7.0,4.0,0.834,1054306.758,-0.075,0.178,20.0,45.0,4.667,14.0,14.0,1.417,3.077,1.583,2.867,2.5,2.0,40.0
7k50n,2.5,2.444,2.667,1.0,4.7,3.5,4.556,4.75,5.333,3.5,3.25,2.833,1.0,3.0,8.0,8.0,20.0,5.0,3.0,0.0,100.0,50.0,1.0,6.0,4.5,2.25,3.25,3.25,6.0,7.0,4.0,0.793,0.0,0.0,-0.111,0.0,45.0,4.0,18.0,27.0,3.417,2.538,3.5,3.6,2.5,1.0,0.0
7o17s,2.875,3.444,3.111,5.0,3.6,3.25,3.833,5.5,5.417,2.25,3.9,4.0,3.0,0.0,9.0,7.0,19.0,2.0,0.0,60.0,83.333,75.0,1.0,9.0,4.25,3.5,2.5,3.0,4.0,3.0,4.0,0.807,1054306.758,0.111,0.1,40.0,46.0,4.7,10.0,3.0,3.167,2.615,4.0,4.2,3.0,2.0,40.0
7ub3z,3.25,4.222,4.333,8.0,4.4,2.375,3.444,7.167,8.583,2.75,3.95,4.833,1.0,3.0,6.0,5.0,15.0,15.0,5.0,40.0,33.333,100.0,0.0,7.0,3.75,3.75,2.75,3.75,3.0,4.0,2.0,0.829,,,,20.0,30.0,6.2,11.0,6.0,3.917,3.462,3.333,3.933,3.667,3.0,20.0
7vnea,2.75,3.333,3.667,8.0,3.5,1.625,3.111,7.0,7.917,3.75,3.65,3.333,1.0,0.0,7.0,5.0,13.0,12.0,-5.0,0.0,83.333,75.0,2.0,0.0,5.0,3.5,3.75,4.5,5.0,7.0,4.0,0.892,6.23,0.133,0.1,0.0,0.0,5.6,11.0,1.0,2.417,3.154,4.333,4.533,3.333,2.0,40.0
89ro6,3.875,4.889,5.0,8.0,2.8,1.625,3.167,3.083,8.917,3.833,4.05,4.667,3.0,1.0,7.0,5.0,16.0,14.0,0.0,60.0,33.333,50.0,9.0,2.0,4.75,4.5,2.0,4.5,5.0,5.0,4.0,0.624,4717.879,0.033,0.522,60.0,45.0,4.6,10.0,4.0,1.0,2.231,4.667,4.067,2.167,2.0,60.0
8bg18,2.625,4.222,3.444,1.0,3.6,2.5,3.333,5.0,7.333,3.833,4.35,2.5,3.0,0.0,6.0,11.0,20.0,0.0,0.0,40.0,100.0,100.0,3.0,2.0,4.25,4.0,2.75,3.25,6.0,8.0,4.0,0.82,-0.333,0.056,0.294,40.0,40.0,4.8,9.0,2.0,3.083,3.0,3.833,3.0,3.0,3.0,40.0
8fkgi,4.125,4.444,4.444,7.0,3.5,1.75,3.611,4.333,7.5,3.417,4.0,2.167,3.0,1.0,4.0,8.0,16.0,-6.0,-2.0,40.0,83.333,100.0,10.0,1.0,4.5,4.5,3.0,3.75,7.0,6.0,4.0,0.822,0.0,0.0,0.0,20.0,10.0,4.778,10.0,0.0,2.083,2.769,4.083,2.867,3.667,4.0,0.0
8ij30,2.875,4.111,4.333,8.0,4.5,1.625,3.889,5.0,6.75,3.167,3.5,3.167,3.0,1.0,8.0,6.0,18.0,7.0,3.0,40.0,16.667,50.0,6.0,1.0,3.75,3.75,3.5,3.75,5.0,2.0,4.0,0.827,4717.879,0.0,-0.422,40.0,68.0,4.8,17.0,1.0,1.917,2.0,3.833,3.6,3.333,3.0,40.0
8ka4n,3.25,3.333,3.444,8.0,3.8,2.875,2.889,6.25,7.083,4.0,3.35,1.667,1.0,3.0,4.0,10.0,18.0,12.0,5.0,60.0,100.0,50.0,7.0,6.0,4.25,4.25,3.75,4.5,5.0,8.0,4.0,0.81,11.939,-0.01,0.128,100.0,32.0,5.2,17.0,4.0,2.833,3.385,2.417,2.467,2.833,4.0,20.0
8r5lt,1.5,3.444,3.778,5.0,4.2,2.375,2.389,6.25,6.333,3.0,3.8,3.333,3.0,0.0,8.0,9.0,20.0,5.0,-5.0,40.0,83.333,100.0,4.0,11.0,4.25,3.25,3.25,3.0,6.0,6.0,3.0,0.813,1046501.058,-0.042,0.506,0.0,40.0,4.9,14.0,13.0,1.25,3.462,3.583,2.8,3.5,4.0,40.0
8tr2p,1.75,4.0,4.444,8.0,2.2,2.75,2.389,3.5,6.417,4.25,3.25,3.833,3.0,2.0,7.0,5.0,17.0,13.0,2.0,40.0,100.0,100.0,8.0,11.0,4.75,3.75,3.75,4.75,5.0,6.0,3.0,0.75,0.932,0.147,-0.033,60.0,46.0,4.5,11.0,16.0,1.75,2.538,3.0,4.4,3.0,2.0,40.0
906gx,2.625,3.333,3.667,4.0,3.6,2.5,3.056,5.833,7.455,3.417,3.05,3.5,1.0,0.0,5.0,3.0,9.0,26.0,-3.0,20.0,83.333,50.0,5.0,34.0,3.5,3.5,3.5,3.5,6.0,1.0,3.0,0.885,1501200354201699.0,0.089,0.5,40.0,71.0,4.6,19.0,0.0,3.5,3.308,2.667,3.467,3.667,1.0,40.0
9duy2,3.5,4.0,4.0,6.0,4.4,2.125,4.444,6.75,6.75,3.5,3.8,3.833,2.0,0.0,7.0,5.0,14.0,22.0,4.0,40.0,66.667,100.0,0.0,8.0,3.5,4.5,3.75,4.5,4.0,5.0,4.0,0.807,,,,100.0,45.0,4.5,16.0,2.0,3.583,3.231,4.833,3.533,2.833,3.0,40.0
9o70p,3.125,4.0,2.667,5.0,3.2,4.625,3.333,4.25,5.5,2.583,4.35,4.0,1.0,1.0,8.0,9.0,19.0,16.0,20.0,60.0,83.333,100.0,3.0,32.0,4.75,2.25,2.0,2.0,6.0,6.0,4.0,0.859,4.429,0.0,0.267,80.0,45.0,5.0,18.0,22.0,2.917,2.692,3.083,3.933,4.167,2.0,40.0
9vwzo,1.875,4.0,3.778,8.0,3.4,2.5,3.833,3.75,7.167,4.25,4.45,3.667,4.0,3.0,9.0,10.0,26.0,12.0,3.0,40.0,66.667,75.0,0.0,11.0,4.25,4.25,1.75,1.75,6.0,8.0,4.0,0.81,41.841,0.008,0.244,40.0,28.0,4.2,10.0,12.0,2.167,2.846,3.583,3.533,2.167,3.0,40.0
a53lx,3.875,4.889,4.889,8.0,4.3,1.0,4.0,4.083,7.25,4.917,4.45,4.5,4.0,1.0,9.0,5.0,19.0,11.0,-2.0,40.0,83.333,75.0,5.0,1.0,5.0,4.75,2.0,4.5,5.0,6.0,2.0,0.827,0.932,0.0,0.544,40.0,31.0,5.2,7.0,0.0,3.167,3.462,4.833,3.733,3.167,1.0,60.0
a6adz,2.5,4.0,4.444,6.0,3.4,2.25,3.056,5.25,7.0,3.333,3.9,4.0,0.0,1.0,5.0,5.0,11.0,26.0,2.0,20.0,83.333,25.0,5.0,2.0,3.5,4.0,3.0,5.0,4.0,7.0,4.0,0.886,0.0,0.0,0.067,20.0,23.0,5.1,12.0,16.0,3.417,3.0,3.667,3.8,2.333,3.0,20.0
a8aho,2.125,4.556,3.556,8.0,4.6,2.25,4.389,3.0,7.5,4.25,4.85,5.0,4.0,3.0,7.0,6.0,20.0,8.0,-5.0,60.0,66.667,75.0,8.0,1.0,3.75,4.75,1.25,4.5,6.0,7.0,4.0,0.83,-0.333,0.042,0.411,100.0,36.0,5.1,9.0,10.0,1.417,2.846,3.583,2.8,2.167,2.0,40.0
aev6a,1.0,4.444,4.444,8.0,2.9,2.375,1.056,3.0,6.25,4.417,3.9,4.333,3.0,0.0,7.0,3.0,13.0,-7.0,-16.0,0.0,50.0,100.0,0.0,5.0,4.75,3.75,1.0,2.0,4.0,5.0,4.0,0.751,0.0,0.0,,100.0,45.0,3.5,7.0,15.0,1.167,2.692,5.0,4.533,1.833,2.0,0.0
afrls,1.875,4.333,4.222,8.0,3.6,2.625,2.944,3.667,7.167,3.333,2.85,1.833,1.0,3.0,8.0,9.0,21.0,14.0,10.0,100.0,66.667,75.0,9.0,1.0,4.25,3.0,2.25,4.25,6.0,6.0,4.0,0.85,0.0,0.0,-0.244,20.0,37.0,4.2,13.0,11.0,1.25,2.538,4.333,3.267,3.667,2.0,0.0
aht1w,1.5,3.222,1.778,0.0,3.9,4.5,3.944,4.583,7.667,3.333,4.7,3.833,0.0,1.0,5.0,4.0,10.0,12.0,6.0,40.0,66.667,50.0,5.0,30.0,3.75,4.25,2.5,4.0,2.0,0.0,4.0,0.786,1501200376375910.8,-0.053,0.261,40.0,45.0,5.0,19.0,28.0,1.833,2.385,2.0,4.067,3.0,2.0,40.0
ahyp7,2.5,4.556,4.778,7.0,3.8,1.875,2.5,7.25,8.75,3.5,3.45,4.333,1.0,0.0,3.0,8.0,12.0,13.0,-5.0,40.0,50.0,50.0,13.0,0.0,4.75,4.5,4.25,4.75,4.0,5.0,0.0,0.915,3002399751775739.5,0.033,,60.0,40.0,6.3,11.0,1.0,2.25,2.308,4.167,4.333,4.0,2.0,20.0
amf2x,1.0,2.556,4.889,8.0,1.0,4.5,1.167,2.417,8.0,5.0,3.85,4.167,1.0,0.0,2.0,4.0,7.0,16.0,-8.0,40.0,50.0,50.0,0.0,19.0,5.0,3.0,3.75,4.0,5.0,3.0,2.0,0.601,4.826,0.097,-0.667,40.0,37.0,4.0,10.0,31.0,2.667,2.615,4.167,4.733,4.333,1.0,40.0
anjsc,3.375,3.333,3.222,5.0,3.1,2.5,3.222,7.917,8.333,3.833,2.95,4.0,3.0,0.0,0.0,6.0,9.0,11.0,-3.0,40.0,66.667,25.0,4.0,14.0,4.75,2.5,3.75,1.75,3.0,8.0,3.0,0.751,3002399751775739.5,-0.158,0.511,20.0,47.0,6.4,16.0,12.0,4.333,4.0,2.333,4.333,4.5,1.0,0.0
arxcr,3.25,4.222,4.889,8.0,3.8,1.75,3.556,5.083,6.25,3.583,3.35,3.833,4.0,4.0,7.0,11.0,26.0,9.0,10.0,40.0,83.333,100.0,0.0,0.0,4.0,4.0,3.25,4.25,4.0,8.0,4.0,0.715,,,,0.0,0.0,4.6,13.0,0.0,2.5,1.769,3.833,2.933,2.833,3.0,0.0
axvvp,3.125,4.444,2.889,4.0,4.7,3.875,3.889,3.417,7.083,1.833,4.55,4.667,2.0,2.0,9.0,6.0,19.0,14.0,3.0,60.0,83.333,100.0,7.0,10.0,3.75,4.0,2.75,3.5,5.0,4.0,1.0,0.809,36.649,0.049,0.111,60.0,45.0,5.3,23.0,9.0,3.0,3.077,4.333,3.733,2.667,2.0,40.0
ayss6,2.625,3.667,3.667,8.0,3.0,2.75,2.778,6.25,8.0,3.417,3.75,1.5,1.0,3.0,6.0,9.0,19.0,13.0,11.0,40.0,83.333,0.0,5.0,6.0,3.75,3.75,3.25,4.5,5.0,8.0,4.0,0.829,0.0,0.0,0.094,100.0,35.0,5.3,17.0,6.0,2.5,2.0,3.167,3.0,3.667,4.0,40.0
b8zaq,2.375,3.667,5.0,8.0,4.1,3.0,2.833,3.583,8.083,3.333,3.95,3.833,1.0,2.0,8.0,6.0,17.0,18.0,5.0,40.0,50.0,25.0,10.0,0.0,5.0,4.5,2.25,3.75,7.0,4.0,4.0,0.84,0.0,0.0,0.011,40.0,45.0,4.4,12.0,6.0,1.583,3.154,4.583,4.2,3.833,2.0,40.0
b9jzt,1.625,3.444,1.889,4.0,4.7,4.75,4.0,4.75,7.667,1.917,4.65,4.0,3.0,4.0,7.0,8.0,22.0,8.0,5.0,40.0,83.333,50.0,0.0,30.0,4.0,4.0,1.5,2.5,5.0,5.0,4.0,0.776,0.0,0.164,0.067,40.0,45.0,4.5,22.0,36.0,3.917,2.385,2.75,2.4,3.0,3.0,40.0
bbrrv,3.0,3.889,3.444,2.0,4.1,2.875,1.722,5.5,7.333,3.583,3.85,4.0,2.0,2.0,8.0,6.0,18.0,4.0,4.0,40.0,83.333,100.0,1.0,21.0,4.5,3.5,3.0,1.75,6.0,4.0,4.0,0.747,1046448.594,-0.066,-0.256,100.0,52.0,4.4,20.0,5.0,2.583,2.769,3.0,3.733,2.833,3.0,40.0
bc0tc,2.875,4.0,3.889,6.0,4.8,3.0,4.167,5.0,5.333,4.083,4.3,4.5,2.0,3.0,7.0,9.0,21.0,-6.0,3.0,60.0,66.667,100.0,4.0,2.0,3.75,3.75,2.25,4.25,6.0,6.0,4.0,0.825,0.0,0.017,0.522,60.0,45.0,5.0,10.0,2.0,3.833,2.769,4.0,3.267,2.667,2.0,40.0
bc89d,1.75,4.444,3.667,6.0,4.1,2.25,3.778,4.833,7.667,3.583,3.75,4.167,2.0,0.0,7.0,8.0,17.0,13.0,2.0,40.0,66.667,75.0,10.0,19.0,4.25,4.75,3.75,4.5,5.0,7.0,4.0,0.827,1054306.758,-0.06,0.167,40.0,38.0,4.8,16.0,14.0,1.833,2.538,4.167,3.667,3.333,1.0,40.0
bc9lg,4.25,3.889,4.111,8.0,3.9,1.375,3.556,5.5,6.083,2.917,3.25,3.333,2.0,1.0,9.0,10.0,22.0,16.0,17.0,40.0,83.333,75.0,1.0,4.0,4.0,4.0,3.0,3.5,6.0,8.0,4.0,0.841,4381.928,0.037,0.222,20.0,44.0,4.6,10.0,4.0,2.667,3.308,3.833,3.067,2.833,2.0,40.0
bf785,2.625,4.444,4.333,6.0,4.7,1.375,4.556,4.917,7.917,4.5,3.85,5.0,2.0,1.0,8.0,9.0,20.0,14.0,4.0,40.0,100.0,75.0,0.0,0.0,4.5,4.0,1.75,5.0,3.0,7.0,4.0,0.851,,,,40.0,36.0,4.7,10.0,1.0,1.667,2.538,4.583,2.067,2.167,2.0,40.0
bhiml,4.625,4.889,4.444,8.0,3.9,1.25,4.0,5.333,6.667,4.5,4.0,4.333,0.0,2.0,4.0,5.0,11.0,19.0,5.0,60.0,83.333,75.0,13.0,1.0,4.75,4.5,2.75,4.75,4.0,4.0,4.0,0.717,-0.333,0.056,0.506,20.0,42.0,4.9,20.0,0.0,2.167,3.231,4.333,2.467,3.0,1.0,60.0
bicf2,3.25,2.333,3.333,4.0,4.0,3.625,3.111,8.583,7.917,4.667,3.3,3.0,0.0,0.0,6.0,10.0,16.0,20.0,8.0,40.0,66.667,100.0,3.0,9.0,4.5,3.5,3.75,4.75,6.0,4.0,4.0,0.847,2251799847239679.0,-0.388,-0.15,20.0,32.0,6.3,9.0,8.0,3.75,2.769,2.917,4.2,2.333,4.0,20.0
bm5ba,4.375,4.111,3.667,8.0,4.7,2.25,4.222,7.417,8.75,4.0,4.3,4.333,1.0,2.0,9.0,5.0,17.0,23.0,10.0,60.0,83.333,75.0,10.0,1.0,4.0,4.0,3.5,4.75,4.0,6.0,4.0,0.783,31.823,0.022,0.067,40.0,43.0,5.7,18.0,4.0,2.333,2.923,4.167,4.133,3.0,2.0,40.0
bnxw1,4.125,3.111,3.667,7.0,3.8,2.875,3.444,5.0,6.083,1.333,3.9,3.667,3.0,0.0,5.0,4.0,12.0,24.0,21.0,40.0,100.0,100.0,5.0,24.0,3.0,3.75,2.0,4.0,5.0,2.0,4.0,0.794,0.0,0.167,0.006,0.0,22.0,5.1,15.0,18.0,2.333,2.615,4.417,2.933,2.833,1.0,40.0
byr2v,3.25,4.889,4.889,8.0,4.1,1.375,3.222,5.833,6.167,4.083,3.15,5.0,0.0,0.0,4.0,9.0,13.0,17.0,0.0,40.0,83.333,25.0,9.0,3.0,4.5,5.0,4.25,5.0,6.0,8.0,4.0,0.818,90.628,0.038,0.156,40.0,45.0,5.6,9.0,3.0,2.833,3.077,4.667,2.667,3.0,3.0,40.0
c0p1j,2.75,4.0,4.444,5.0,4.9,3.5,4.778,3.583,6.917,4.833,4.75,4.5,3.0,1.0,7.0,7.0,18.0,7.0,5.0,40.0,83.333,100.0,1.0,19.0,5.0,4.5,2.0,3.5,6.0,5.0,4.0,0.871,0.0,0.347,0.217,100.0,36.0,4.9,10.0,28.0,2.667,3.077,1.833,3.933,3.0,3.0,40.0
c42r9,2.0,4.333,4.111,8.0,4.6,2.0,4.278,4.833,7.833,3.25,4.55,3.0,3.0,4.0,8.0,8.0,23.0,11.0,-1.0,40.0,83.333,75.0,7.0,12.0,4.75,3.75,2.25,2.75,6.0,8.0,4.0,0.827,35.245,0.007,0.078,80.0,29.0,4.9,13.0,5.0,1.667,2.538,4.167,1.8,2.167,2.0,40.0
c9e9n,3.125,4.333,4.667,8.0,3.9,2.125,3.111,6.917,7.917,4.417,3.8,4.5,3.0,0.0,3.0,5.0,11.0,9.0,0.0,60.0,100.0,50.0,12.0,4.0,4.75,4.75,4.0,4.75,5.0,8.0,4.0,0.791,2092886.729,0.163,0.017,20.0,15.0,5.8,17.0,5.0,2.583,3.615,2.833,3.933,3.5,3.0,0.0
cmjtd,3.25,4.222,5.0,8.0,4.8,2.375,4.389,4.0,6.417,4.583,2.9,4.0,4.0,2.0,9.0,11.0,26.0,11.0,7.0,60.0,66.667,100.0,5.0,5.0,5.0,3.75,2.5,2.25,6.0,8.0,4.0,0.864,0.0,0.0,0.511,100.0,28.0,4.8,10.0,10.0,1.5,3.077,5.0,1.933,1.667,2.0,40.0
cmmpb,2.5,3.444,3.889,8.0,3.1,2.5,2.778,4.333,6.167,3.5,2.8,3.333,1.0,0.0,3.0,6.0,10.0,11.0,-14.0,40.0,66.667,100.0,5.0,10.0,3.75,3.0,2.25,3.5,5.0,1.0,2.0,0.875,109.957,0.197,0.0,40.0,29.0,4.4,10.0,23.0,2.833,2.385,3.167,4.067,2.0,2.0,40.0
cnx9d,4.0,4.778,4.889,8.0,4.7,1.125,4.389,3.545,7.167,4.083,4.65,4.167,4.0,1.0,5.0,5.0,15.0,15.0,12.0,40.0,83.333,100.0,11.0,1.0,2.75,4.75,1.75,3.75,6.0,7.0,4.0,0.839,-0.333,0.11,0.611,60.0,42.0,4.6,11.0,0.0,2.25,3.077,4.75,3.733,1.5,3.0,40.0
d3vke,3.125,5.0,4.778,8.0,3.0,1.875,2.222,3.667,9.0,1.833,4.8,3.5,0.0,0.0,1.0,5.0,6.0,2.0,-7.0,0.0,100.0,50.0,13.0,1.0,4.5,5.0,2.0,5.0,2.0,2.0,4.0,0.69,0.0,0.0,0.528,20.0,15.0,5.5,11.0,1.0,1.0,2.462,4.667,2.6,1.667,1.0,0.0
d5yrm,3.5,5.0,4.778,8.0,4.6,2.75,4.833,4.667,7.75,4.333,4.7,4.667,4.0,0.0,9.0,11.0,24.0,16.0,0.0,60.0,50.0,50.0,7.0,31.0,4.5,5.0,2.75,3.25,5.0,8.0,4.0,0.782,52.868,0.025,0.311,60.0,67.0,5.333,8.0,0.0,2.667,4.231,4.083,3.333,3.833,4.0,60.0
d8l9i,2.125,3.778,4.111,8.0,4.9,1.625,4.0,5.0,5.417,3.25,2.55,1.333,3.0,0.0,2.0,7.0,12.0,-7.0,-5.0,100.0,100.0,25.0,11.0,0.0,5.0,3.75,4.0,4.5,6.0,5.0,1.0,0.747,86.734,-0.024,0.089,0.0,0.0,5.3,8.0,1.0,2.917,2.615,4.5,3.667,4.0,2.0,60.0
dg0ss,1.25,2.778,3.222,5.0,3.7,3.375,1.944,2.917,8.333,3.833,2.65,4.5,4.0,3.0,9.0,7.0,23.0,8.0,4.0,60.0,66.667,100.0,0.0,3.0,4.75,3.0,2.0,2.75,6.0,7.0,4.0,0.834,4717.879,0.0,0.428,40.0,45.0,4.0,8.0,20.0,2.25,2.615,3.833,4.2,2.833,2.0,40.0
dtsui,3.25,4.778,4.778,7.0,3.8,1.25,3.111,7.0,8.417,3.583,3.8,4.333,0.0,0.0,2.0,6.0,8.0,12.0,-22.0,40.0,50.0,75.0,13.0,3.0,5.0,4.0,2.75,4.25,4.0,5.0,4.0,0.756,1501199875790620.2,0.017,0.25,40.0,49.0,5.0,14.0,8.0,2.5,3.077,3.417,3.133,3.5,3.0,40.0
dw6oq,3.875,4.222,4.111,8.0,4.1,2.0,4.0,4.667,7.0,4.0,4.45,4.167,4.0,4.0,9.0,8.0,25.0,11.0,4.0,40.0,83.333,100.0,1.0,0.0,4.5,4.0,2.5,4.0,6.0,8.0,4.0,0.819,17.133,0.044,0.067,100.0,55.0,5.1,9.0,5.0,2.667,2.769,5.0,3.667,3.167,2.0,60.0
dy25d,2.5,3.444,4.111,7.0,3.1,3.375,2.833,3.083,7.667,3.917,3.35,5.0,1.0,2.0,6.0,5.0,14.0,12.0,-4.0,60.0,83.333,50.0,3.0,5.0,4.5,3.5,3.5,4.5,6.0,3.0,4.0,0.847,13735953986.729,0.083,0.394,0.0,30.0,4.5,15.0,12.0,2.583,2.154,2.167,3.667,3.333,2.0,40.0
e8ihk,2.625,2.778,4.333,8.0,4.6,4.75,4.778,5.333,7.083,3.333,4.1,4.0,1.0,2.0,8.0,9.0,20.0,5.0,-11.0,60.0,100.0,50.0,3.0,12.0,5.0,4.25,3.25,2.75,5.0,8.0,4.0,0.863,-0.333,0.056,0.272,100.0,100.0,4.7,7.0,30.0,3.167,2.231,4.333,3.4,2.833,3.0,60.0
eels5,3.375,3.778,4.778,7.0,4.2,2.375,3.944,4.833,8.667,2.917,4.05,3.667,2.0,0.0,3.0,5.0,10.0,17.0,-8.0,60.0,50.0,50.0,11.0,0.0,4.0,4.5,1.5,4.75,6.0,4.0,2.0,0.769,4487.059,0.274,0.128,100.0,55.0,4.6,7.0,1.0,2.833,2.462,4.0,3.533,3.167,1.0,40.0
egrrg,1.75,3.0,1.667,1.0,4.3,4.0,2.167,5.833,4.167,3.083,2.35,2.167,0.0,2.0,4.0,7.0,13.0,22.0,-5.0,0.0,83.333,25.0,6.0,18.0,3.5,1.5,4.0,2.25,4.0,3.0,4.0,0.734,354.711,0.325,0.611,100.0,5.0,3.3,8.0,36.0,1.333,2.308,3.5,4.0,3.333,3.0,40.0
ek9iq,1.875,3.111,4.333,7.0,4.1,4.125,4.056,4.5,7.0,2.5,4.3,4.333,4.0,2.0,8.0,8.0,22.0,-2.0,-5.0,60.0,83.333,50.0,8.0,7.0,4.75,4.0,3.25,4.0,7.0,4.0,4.0,0.775,0.0,0.0,0.244,40.0,33.0,4.6,23.0,15.0,2.333,2.308,3.583,3.8,3.5,2.0,40.0
evqeq,2.375,4.0,4.333,8.0,3.6,1.875,4.0,5.083,5.333,2.833,4.2,3.833,3.0,4.0,9.0,11.0,27.0,13.0,15.0,60.0,83.333,75.0,6.0,8.0,3.75,4.25,3.5,3.0,6.0,8.0,4.0,0.782,398.065,0.126,0.156,100.0,36.0,5.2,14.0,2.0,2.083,2.231,4.5,2.533,2.833,3.0,60.0
ez9fl,2.5,3.333,3.0,4.0,4.5,2.25,3.611,3.917,7.25,2.417,4.9,3.0,0.0,1.0,4.0,5.0,10.0,25.0,-1.0,60.0,83.333,25.0,2.0,4.0,5.0,2.25,3.0,5.0,4.0,3.0,4.0,0.789,478235970.333,0.129,0.133,20.0,33.0,4.8,20.0,7.0,4.583,3.385,4.25,3.2,3.833,1.0,20.0
f5cp3,4.875,4.222,4.444,5.0,4.7,3.0,4.556,6.833,6.25,3.5,4.35,3.833,0.0,1.0,9.0,8.0,18.0,12.0,10.0,60.0,66.667,25.0,5.0,4.0,4.75,5.0,2.5,4.75,5.0,4.0,4.0,0.857,0.0,0.1,0.183,60.0,40.0,5.5,17.0,3.0,2.083,2.615,5.0,2.067,3.333,2.0,40.0
f60ro,3.625,4.556,4.111,8.0,3.9,1.875,3.611,7.5,7.75,4.417,4.15,4.0,3.0,0.0,3.0,4.0,10.0,30.0,5.0,40.0,66.667,75.0,11.0,27.0,4.5,4.5,4.75,4.75,2.0,0.0,4.0,0.895,1501213588331692.8,0.011,0.461,40.0,23.0,5.7,7.0,7.0,4.167,3.692,3.167,4.4,4.333,1.0,40.0
f76v0,2.625,4.222,3.444,5.0,2.7,1.375,2.556,4.25,6.833,2.5,2.7,2.833,4.0,2.0,9.0,6.0,21.0,14.0,10.0,20.0,83.333,25.0,12.0,7.0,4.0,3.5,2.75,4.0,7.0,8.0,4.0,0.794,-0.333,0.17,0.228,0.0,0.0,4.5,11.0,0.0,1.0,2.0,4.333,3.8,2.333,2.0,0.0
fz8wa,4.625,3.444,3.222,4.0,4.0,3.375,3.0,4.083,7.167,2.833,4.65,5.0,3.0,1.0,9.0,10.0,23.0,11.0,4.0,40.0,83.333,75.0,0.0,13.0,3.75,4.5,3.0,2.25,7.0,6.0,4.0,0.816,0.0,0.0,0.133,100.0,55.0,4.9,18.0,14.0,1.25,3.077,3.0,3.6,3.5,3.0,20.0
g00ic,2.125,4.333,4.222,8.0,4.0,2.375,4.222,5.167,8.167,3.917,4.0,4.333,1.0,2.0,6.0,6.0,15.0,-3.0,-11.0,60.0,50.0,75.0,10.0,9.0,4.25,4.0,1.75,3.75,3.0,4.0,4.0,0.781,62.923,0.106,0.344,60.0,55.0,4.5,13.0,12.0,2.583,2.769,1.917,3.333,3.167,2.0,60.0
g0rj9,3.75,4.333,4.0,6.0,3.3,2.75,1.944,4.667,7.917,3.417,3.85,2.833,1.0,0.0,8.0,8.0,17.0,4.0,-9.0,60.0,83.333,100.0,2.0,3.0,4.0,3.5,2.75,4.5,6.0,3.0,2.0,0.849,1501199898164154.0,0.111,-0.039,80.0,53.0,5.2,21.0,19.0,4.417,3.154,2.667,4.133,4.5,3.0,40.0
g24p8,2.75,4.667,4.333,8.0,2.3,1.125,1.444,4.667,8.583,4.25,4.0,2.0,3.0,0.0,6.0,7.0,16.0,14.0,5.0,0.0,83.333,50.0,5.0,1.0,5.0,3.75,1.75,4.25,5.0,5.0,4.0,0.81,4.826,0.164,0.0,20.0,42.0,3.6,18.0,2.0,1.333,3.0,4.75,4.4,2.167,2.0,20.0
g89mx,3.0,3.0,3.0,0.0,3.0,3.0,3.0,5.0,5.0,3.0,3.0,3.0,1.0,1.0,5.0,5.0,12.0,9.0,0.0,40.0,83.333,50.0,8.0,0.0,3.0,3.0,3.0,3.0,6.0,8.0,4.0,0.808,4.826,0.114,0.306,0.0,0.0,4.0,9.0,0.0,3.0,2.846,3.0,3.0,3.0,2.0,0.0
gozwq,4.875,3.889,4.222,8.0,3.1,3.625,2.667,5.0,6.833,2.417,4.55,1.833,0.0,0.0,6.0,5.0,11.0,27.0,0.0,40.0,50.0,25.0,6.0,18.0,4.5,4.25,1.75,4.25,5.0,3.0,2.0,0.807,4.826,0.01,0.2,0.0,0.0,4.7,7.0,23.0,2.5,3.308,3.083,4.0,4.0,2.0,40.0
ha6bv,3.5,3.889,4.333,8.0,4.3,1.875,4.611,5.583,6.083,3.667,3.3,4.333,3.0,3.0,8.0,4.0,18.0,4.0,17.0,60.0,100.0,100.0,10.0,0.0,3.0,4.0,2.75,3.25,6.0,7.0,4.0,0.85,3002399773949950.5,0.0,0.494,80.0,55.0,5.3,10.0,0.0,3.0,2.462,4.417,2.333,2.333,3.0,60.0
hetd5,4.375,4.556,5.0,8.0,3.9,1.0,4.667,4.583,6.333,3.417,3.15,4.5,2.0,3.0,7.0,8.0,20.0,15.0,5.0,60.0,66.667,75.0,9.0,0.0,5.0,4.0,1.75,1.0,6.0,7.0,4.0,0.707,478216579.961,-0.08,0.039,100.0,55.0,4.5,10.0,0.0,1.5,2.846,5.0,1.667,2.0,1.0,60.0
hfvpz,4.5,5.0,5.0,8.0,3.2,1.25,2.111,4.0,8.167,2.75,4.05,4.833,0.0,0.0,5.0,5.0,10.0,21.0,4.0,60.0,100.0,100.0,11.0,1.0,5.0,4.5,1.75,3.0,6.0,5.0,4.0,0.705,109.957,0.433,,60.0,55.0,3.6,14.0,1.0,2.25,3.385,5.0,4.067,2.0,3.0,60.0
hpbis,2.0,4.444,4.889,8.0,2.9,2.0,2.0,3.833,6.667,4.833,4.65,4.333,4.0,3.0,7.0,10.0,24.0,12.0,10.0,60.0,66.667,100.0,1.0,3.0,3.0,3.75,3.0,5.0,6.0,7.0,4.0,0.872,0.31,0.024,-0.067,40.0,43.0,4.2,6.0,9.0,1.167,2.154,5.0,4.4,3.667,2.0,40.0
hwot5,1.875,3.111,2.333,3.0,2.6,4.25,1.444,4.333,5.5,3.167,3.5,3.0,2.0,1.0,3.0,6.0,12.0,-1.0,-11.0,40.0,33.333,75.0,6.0,12.0,4.25,4.25,2.5,1.5,5.0,6.0,4.0,0.877,1501199877031962.8,-0.278,0.3,40.0,30.0,3.9,9.0,18.0,2.333,2.538,2.833,4.2,3.0,2.0,40.0
i2m95,3.375,4.333,2.778,3.0,4.2,3.25,2.944,2.833,6.333,1.75,4.5,3.833,3.0,1.0,8.0,7.0,19.0,18.0,1.0,60.0,66.667,25.0,7.0,48.0,3.0,4.0,2.25,3.25,4.0,7.0,4.0,0.876,0.0,0.0,0.456,40.0,46.0,4.5,15.0,29.0,2.917,2.923,3.0,3.867,2.5,1.0,0.0
i89x5,2.0,2.556,4.667,7.0,2.8,4.125,1.889,4.083,5.583,3.417,3.7,2.333,3.0,1.0,5.0,6.0,15.0,6.0,1.0,60.0,66.667,50.0,7.0,13.0,4.0,2.0,3.5,2.25,5.0,2.0,4.0,0.821,1062688.222,-0.042,-0.156,0.0,23.0,4.4,12.0,19.0,1.167,3.077,3.167,3.667,3.0,2.0,60.0
ibsjm,1.875,4.556,4.667,8.0,4.4,2.125,3.556,4.333,6.917,4.333,3.75,3.667,3.0,2.0,8.0,9.0,22.0,8.0,0.0,0.0,66.667,25.0,8.0,3.0,5.0,4.0,4.0,4.25,6.0,7.0,4.0,0.809,0.0,0.0,0.1,100.0,46.0,4.8,10.0,3.0,1.667,3.0,5.0,3.667,3.167,2.0,40.0
ighhg,1.125,1.667,3.556,0.0,3.7,5.0,1.556,2.583,4.667,2.5,4.0,4.333,3.0,4.0,9.0,10.0,26.0,8.0,-6.0,40.0,100.0,100.0,2.0,14.0,4.25,3.75,1.75,3.75,5.0,3.0,4.0,0.813,1501199876836663.2,-0.119,0.133,0.0,62.0,4.7,23.0,27.0,1.833,1.846,3.75,4.267,3.0,2.0,40.0
ilhrp,1.5,3.0,3.889,5.0,2.9,2.625,3.111,4.083,5.667,3.75,3.05,2.0,3.0,1.0,8.0,6.0,18.0,14.0,4.0,60.0,83.333,0.0,3.0,0.0,3.75,3.0,3.5,2.75,6.0,7.0,4.0,0.584,0.0,0.0,-0.267,60.0,55.0,4.3,12.0,1.0,3.583,2.692,3.5,3.933,2.5,2.0,60.0
ir48j,4.5,3.444,4.889,8.0,3.6,1.5,4.167,6.083,7.167,3.75,3.05,2.167,4.0,2.0,8.0,8.0,22.0,13.0,5.0,40.0,83.333,75.0,2.0,6.0,4.0,5.0,3.75,3.25,7.0,7.0,4.0,0.716,5.05,0.024,0.317,0.0,0.0,5.6,10.0,15.0,1.0,2.615,5.0,4.067,3.333,2.0,40.0
iueq4,3.375,4.444,4.889,8.0,4.7,2.375,3.833,5.5,7.0,3.667,3.85,4.5,3.0,0.0,7.0,4.0,14.0,24.0,7.0,40.0,50.0,75.0,9.0,6.0,4.0,4.5,4.25,4.5,4.0,6.0,4.0,0.858,41.841,0.008,0.478,80.0,40.0,5.7,9.0,8.0,2.583,2.231,3.917,3.133,3.0,1.0,40.0
iyz57,4.0,5.0,5.0,7.0,1.5,2.125,1.056,3.583,9.0,3.667,4.3,3.333,0.0,1.0,5.0,6.0,12.0,3.0,-6.0,40.0,66.667,100.0,9.0,4.0,5.0,5.0,1.25,5.0,4.0,4.0,4.0,0.844,4381.928,0.021,-0.178,40.0,45.0,4.8,21.0,6.0,1.667,2.923,5.0,4.667,2.0,2.0,40.0
j0fnu,3.375,4.0,4.778,8.0,3.8,1.125,3.389,6.0,7.25,4.333,3.8,3.833,1.0,1.0,7.0,6.0,15.0,6.0,0.0,40.0,83.333,50.0,4.0,1.0,3.0,4.25,2.5,4.5,6.0,5.0,4.0,0.832,1046448.594,-0.025,0.244,40.0,55.0,4.8,12.0,6.0,1.667,3.154,4.75,2.8,2.833,2.0,40.0
j8yub,1.875,4.556,4.444,7.0,2.7,1.5,1.889,5.667,8.0,4.417,3.2,4.167,3.0,0.0,4.0,7.0,14.0,7.0,-4.0,0.0,83.333,75.0,13.0,0.0,5.0,2.25,1.75,3.75,5.0,5.0,4.0,0.834,0.0,0.0,0.5,0.0,0.0,4.4,8.0,2.0,2.417,2.308,4.167,4.6,4.167,3.0,0.0
j9t67,3.875,3.444,3.222,4.0,4.2,3.375,2.944,4.083,7.083,3.25,4.05,1.0,2.0,3.0,7.0,6.0,18.0,17.0,7.0,40.0,100.0,50.0,9.0,9.0,4.25,4.0,2.5,4.0,6.0,4.0,4.0,0.803,0.0,0.0,0.267,60.0,54.0,5.2,13.0,7.0,3.0,2.769,3.5,3.467,4.167,2.0,40.0
j9v1n,1.875,3.667,3.333,7.0,3.7,3.125,3.278,4.25,6.833,2.75,4.3,4.0,3.0,1.0,9.0,8.0,21.0,13.0,0.0,60.0,100.0,75.0,4.0,20.0,5.0,4.25,2.25,2.25,6.0,6.0,4.0,0.811,3.601,0.038,0.233,40.0,56.0,5.0,16.0,26.0,1.583,2.231,2.417,3.733,3.333,2.0,60.0
jex85,2.5,3.889,3.778,4.0,3.8,2.5,3.333,3.833,5.0,2.75,3.5,2.333,0.0,0.0,7.0,6.0,13.0,17.0,3.0,40.0,66.667,100.0,4.0,27.0,4.0,4.0,3.75,4.0,4.0,3.0,4.0,0.823,4717.879,-0.011,,40.0,46.0,4.7,15.0,16.0,2.0,1.462,3.333,4.0,3.667,1.0,40.0
jqodr,4.25,4.0,4.667,8.0,4.3,1.75,2.889,3.5,7.0,4.167,3.4,2.667,3.0,1.0,8.0,10.0,22.0,3.0,0.0,20.0,83.333,75.0,4.0,6.0,4.0,4.25,2.25,4.5,5.0,7.0,4.0,0.758,1050761.088,-0.083,0.233,20.0,33.0,4.3,12.0,2.0,1.833,2.923,4.417,3.8,3.333,3.0,20.0
k7iif,1.375,3.667,4.222,8.0,2.8,2.875,2.056,3.167,7.167,4.25,4.1,3.667,4.0,0.0,8.0,6.0,18.0,7.0,-8.0,40.0,100.0,75.0,6.0,7.0,4.75,4.0,2.75,3.5,6.0,5.0,4.0,0.818,0.0,0.0,0.178,60.0,44.0,5.0,11.0,13.0,3.167,2.231,2.417,3.6,3.167,2.0,40.0
k8gd7,3.0,2.889,2.778,7.0,1.8,2.5,3.111,3.75,4.417,1.667,3.25,2.5,4.0,0.0,9.0,9.0,22.0,20.0,17.0,100.0,66.667,25.0,11.0,10.0,2.75,4.0,2.75,4.5,5.0,8.0,4.0,0.82,1501199899206174.2,0.0,0.489,80.0,65.0,4.3,11.0,0.0,3.583,2.077,2.75,3.4,3.333,1.0,80.0
kficb,4.125,4.444,4.889,8.0,4.1,1.125,3.0,7.25,7.0,3.917,3.5,4.167,1.0,1.0,1.0,5.0,8.0,22.0,15.0,100.0,100.0,75.0,11.0,15.0,3.5,4.0,4.25,4.25,2.0,0.0,3.0,0.765,1501199876836575.8,0.009,0.494,60.0,73.0,5.4,8.0,2.0,2.917,3.0,2.583,2.533,4.167,2.0,40.0
kms82,1.25,4.222,3.333,5.0,3.8,4.125,3.778,3.75,7.667,3.5,4.75,4.5,3.0,2.0,9.0,10.0,24.0,-2.0,-2.0,40.0,100.0,100.0,1.0,14.0,3.0,3.5,1.25,1.75,4.0,4.0,4.0,0.839,4717.879,-0.097,,0.0,52.0,4.1,13.0,48.0,4.0,2.077,1.75,2.8,3.5,2.0,40.0
kvy1a,2.625,3.444,3.444,6.0,4.5,3.5,3.778,4.917,7.917,3.167,3.85,3.167,1.0,3.0,6.0,5.0,15.0,13.0,-4.0,40.0,100.0,50.0,3.0,13.0,4.0,3.25,2.75,3.75,4.0,5.0,4.0,0.868,464.358,0.056,0.067,60.0,60.0,5.3,8.0,18.0,3.167,2.538,3.167,3.467,3.167,2.0,40.0
kww3y,1.125,2.333,3.0,6.0,3.2,4.125,2.222,6.917,6.083,2.917,3.85,4.167,3.0,2.0,1.0,8.0,14.0,11.0,-5.0,80.0,100.0,100.0,0.0,5.0,4.25,3.5,3.25,4.5,6.0,5.0,4.0,0.806,4823.011,0.197,0.228,40.0,45.0,4.7,7.0,25.0,3.667,2.692,3.5,3.867,3.667,3.0,40.0
kzigb,3.875,4.111,4.333,8.0,3.8,2.5,3.167,4.5,7.25,3.917,3.95,3.5,1.0,4.0,9.0,8.0,22.0,15.0,2.0,60.0,33.333,50.0,4.0,10.0,4.5,3.5,2.5,3.0,6.0,6.0,4.0,0.796,4823.011,0.004,0.611,40.0,45.0,4.7,11.0,5.0,2.75,2.308,4.417,3.733,3.667,2.0,60.0
l3bok,2.625,4.556,4.111,8.0,2.0,1.125,2.444,4.917,8.727,3.583,3.55,3.5,2.0,3.0,8.0,10.0,23.0,10.0,28.0,40.0,83.333,75.0,12.0,0.0,3.25,4.25,3.0,4.75,6.0,7.0,4.0,0.755,0.0,0.0,0.067,40.0,45.0,4.1,21.0,2.0,1.0,2.231,4.583,3.267,2.333,4.0,40.0
l7xza,2.125,2.556,4.889,8.0,4.2,2.125,2.111,5.333,6.583,4.583,3.55,3.0,2.0,3.0,8.0,6.0,19.0,14.0,16.0,40.0,66.667,75.0,7.0,0.0,4.75,3.75,4.75,3.5,6.0,7.0,4.0,0.801,4.826,0.064,0.078,40.0,25.0,4.9,12.0,5.0,2.417,3.308,4.417,4.733,4.167,2.0,40.0
l8eqt,4.875,4.889,4.444,8.0,4.8,1.0,4.833,4.083,8.167,4.417,4.45,3.0,2.0,2.0,9.0,9.0,22.0,14.0,8.0,60.0,83.333,100.0,13.0,0.0,4.0,5.0,2.5,4.25,7.0,8.0,4.0,0.873,0.0,0.0,-0.122,100.0,67.0,5.6,13.0,0.0,3.5,3.077,4.5,2.2,2.333,2.0,40.0
lclop,3.5,4.222,4.889,8.0,4.0,2.875,3.444,4.583,8.583,3.75,4.9,4.167,4.0,2.0,7.0,7.0,20.0,7.0,-5.0,60.0,100.0,100.0,10.0,7.0,5.0,4.0,3.25,4.25,6.0,7.0,4.0,0.733,4.826,-0.017,-0.111,100.0,33.0,5.1,9.0,12.0,2.083,3.308,4.583,4.333,3.667,2.0,40.0
lfhm6,3.625,4.556,4.889,8.0,4.4,2.625,3.889,5.667,7.5,3.5,4.5,5.0,1.0,1.0,8.0,5.0,15.0,19.0,9.0,60.0,66.667,75.0,12.0,24.0,3.75,5.0,1.25,4.75,5.0,4.0,4.0,0.811,4533.217,0.01,0.333,20.0,43.0,5.9,9.0,9.0,1.5,2.462,4.75,4.067,2.5,2.0,40.0
ln91z,2.0,4.111,4.667,8.0,4.3,1.875,4.611,4.0,6.833,3.25,4.8,5.0,4.0,3.0,9.0,11.0,27.0,10.0,2.0,40.0,83.333,75.0,3.0,0.0,5.0,3.5,2.5,3.75,6.0,5.0,4.0,0.836,0.0,0.0,-0.028,100.0,23.0,4.4,17.0,5.0,1.917,2.923,4.667,2.867,4.167,3.0,40.0
lspv3,3.875,4.667,4.111,8.0,3.4,1.375,3.278,6.333,8.667,4.417,4.5,4.5,2.0,0.0,4.0,4.0,10.0,10.0,-5.0,40.0,83.333,75.0,7.0,12.0,5.0,3.75,3.5,4.5,6.0,3.0,4.0,0.807,2.197,-0.006,0.611,40.0,45.0,5.1,13.0,16.0,3.083,2.462,3.333,4.267,3.5,2.0,40.0
ltop8,1.875,4.222,3.889,8.0,3.7,2.625,3.722,3.125,7.4,4.083,4.0,4.0,1.0,0.0,6.0,6.0,13.0,16.0,-3.0,40.0,66.667,25.0,8.0,31.0,5.0,4.25,2.75,4.5,6.0,4.0,2.0,0.844,4823.011,0.253,0.611,20.0,36.0,5.4,9.0,15.0,2.333,2.462,3.583,4.133,3.333,3.0,20.0
lwvjc,2.625,4.556,5.0,8.0,2.9,2.25,3.556,2.917,8.583,4.583,4.9,4.5,4.0,1.0,6.0,6.0,17.0,22.0,0.0,40.0,66.667,25.0,9.0,4.0,5.0,4.5,2.0,5.0,3.0,8.0,4.0,0.804,380.421,-0.076,0.5,0.0,41.0,5.1,6.0,3.0,2.75,3.077,4.25,4.067,2.667,2.0,40.0
lx6ix,4.25,4.778,5.0,8.0,4.4,1.0,4.222,6.5,8.833,3.833,4.25,4.5,2.0,4.0,9.0,7.0,22.0,16.0,0.0,40.0,83.333,25.0,9.0,0.0,5.0,4.75,2.75,3.25,7.0,7.0,4.0,0.811,0.0,0.0,0.522,100.0,29.0,6.1,15.0,0.0,2.917,3.231,5.0,4.4,3.0,2.0,40.0
meqhr,3.125,4.0,3.667,7.0,4.0,3.75,3.5,5.917,7.167,2.75,4.8,3.167,0.0,1.0,5.0,4.0,10.0,20.0,-4.0,60.0,83.333,100.0,4.0,12.0,4.25,4.0,3.0,3.5,5.0,6.0,4.0,0.801,195409.419,0.11,-0.025,40.0,67.0,5.0,18.0,23.0,2.333,3.538,2.417,3.6,4.0,1.0,40.0
mfgtj,3.25,4.778,5.0,7.0,3.9,1.375,3.889,4.167,7.583,4.75,4.45,4.5,3.0,0.0,6.0,7.0,16.0,-1.0,0.0,60.0,83.333,75.0,7.0,6.0,4.5,4.75,3.75,4.5,6.0,4.0,4.0,0.853,0.0,0.0,0.056,100.0,48.0,5.5,11.0,3.0,1.667,2.462,4.917,2.467,2.667,2.0,60.0
mi5r8,2.5,3.444,5.0,8.0,4.1,1.0,4.278,3.667,6.0,4.75,2.95,4.333,4.0,2.0,4.0,7.0,17.0,-13.0,-13.0,100.0,0.0,75.0,10.0,27.0,5.0,2.5,1.0,1.75,7.0,2.0,4.0,0.759,1501199875985574.2,0.089,0.611,100.0,57.0,4.7,4.0,1.0,2.333,2.154,5.0,3.333,3.0,1.0,100.0
mtom9,2.75,3.0,3.333,6.0,4.9,4.75,3.944,3.75,5.333,1.583,3.5,3.333,3.0,3.0,8.0,9.0,23.0,11.0,16.0,40.0,66.667,25.0,0.0,2.0,5.0,4.0,3.5,3.75,3.0,8.0,4.0,0.758,,,,0.0,45.0,5.3,15.0,6.0,1.0,2.538,4.833,4.0,3.333,3.0,40.0
mxuqf,3.0,4.444,4.778,8.0,2.5,2.875,3.0,5.083,7.417,4.167,4.35,2.667,1.0,1.0,9.0,6.0,17.0,8.0,0.0,100.0,100.0,75.0,8.0,6.0,4.25,4.0,1.5,4.5,4.0,2.0,4.0,0.815,800.31,0.225,0.222,100.0,55.0,5.2,10.0,10.0,1.25,2.923,4.667,4.4,4.167,2.0,100.0
n0s0f,4.125,5.0,5.0,8.0,3.5,1.125,4.556,5.917,7.583,3.25,4.9,5.0,2.0,1.0,3.0,6.0,12.0,20.0,2.0,40.0,83.333,75.0,0.0,2.0,5.0,5.0,3.0,5.0,3.0,7.0,4.0,0.545,,,,40.0,44.0,5.7,12.0,4.0,3.75,3.154,4.583,3.4,3.333,2.0,40.0
n2pn8,1.0,2.222,3.667,7.0,3.9,2.75,4.5,3.833,4.583,4.083,3.45,3.5,2.0,3.0,8.0,10.0,23.0,15.0,8.0,40.0,66.667,75.0,0.0,9.0,5.0,2.75,1.25,1.25,6.0,8.0,4.0,0.865,90.628,0.072,0.122,100.0,28.0,3.8,18.0,5.0,1.167,1.769,2.667,3.533,2.5,3.0,40.0
n6xqr,2.75,3.667,3.556,5.0,3.6,3.125,3.111,5.083,6.833,3.667,3.55,4.0,1.0,3.0,9.0,9.0,22.0,18.0,19.0,60.0,50.0,75.0,3.0,12.0,5.0,4.0,2.5,3.5,6.0,6.0,4.0,0.809,14.137,-0.033,-0.244,0.0,33.0,4.4,13.0,12.0,2.333,2.308,2.583,3.8,2.5,3.0,0.0
ncyc2,3.375,5.0,3.667,6.0,3.2,2.25,3.167,5.083,8.583,3.5,4.1,1.833,2.0,1.0,7.0,6.0,16.0,8.0,-11.0,60.0,83.333,100.0,9.0,5.0,3.5,5.0,3.0,4.25,4.0,4.0,4.0,0.811,350.002,0.035,0.0,60.0,58.0,5.4,14.0,3.0,2.083,2.385,4.583,3.267,3.167,2.0,60.0
nhhpr,1.25,3.222,4.0,8.0,3.9,4.0,3.556,4.583,7.917,3.083,4.9,4.667,1.0,0.0,9.0,5.0,15.0,20.0,2.0,0.0,83.333,50.0,1.0,4.0,5.0,4.5,4.0,5.0,6.0,7.0,4.0,0.844,195.76,0.038,0.361,0.0,0.0,4.4,9.0,12.0,1.167,2.692,4.75,4.733,4.167,2.0,20.0
njkpj,3.375,3.111,4.778,8.0,5.0,1.375,4.833,2.667,5.5,3.25,2.35,1.667,4.0,3.0,7.0,10.0,24.0,-4.0,5.0,0.0,100.0,100.0,11.0,0.0,5.0,3.0,2.5,3.0,6.0,8.0,4.0,0.807,4823.011,0.139,0.667,0.0,0.0,5.3,4.0,1.0,1.0,2.923,4.667,2.933,2.0,3.0,0.0
nuaiw,2.25,3.667,4.0,8.0,4.2,2.375,3.444,3.75,5.583,4.917,3.4,4.5,3.0,0.0,9.0,9.0,21.0,13.0,8.0,80.0,100.0,100.0,3.0,0.0,4.75,4.25,2.5,3.75,7.0,8.0,4.0,0.893,0.0,0.0,0.028,80.0,60.0,4.2,8.0,0.0,1.167,3.077,4.083,3.067,3.333,3.0,60.0
nz9w1,2.875,4.556,4.556,8.0,3.4,1.5,3.167,5.167,5.545,3.0,3.35,5.0,0.0,0.0,5.0,9.0,14.0,20.0,0.0,40.0,83.333,25.0,9.0,2.0,5.0,5.0,4.25,5.0,6.0,8.0,4.0,0.804,405.385,0.01,0.122,40.0,45.0,5.2,9.0,3.0,2.583,3.154,4.667,3.0,3.167,3.0,40.0
o1zc3,4.0,5.0,4.889,8.0,3.7,1.375,3.778,3.75,8.0,3.75,4.05,4.333,1.0,1.0,9.0,11.0,22.0,8.0,-10.0,0.0,100.0,50.0,12.0,3.0,3.5,4.75,2.5,4.5,6.0,8.0,4.0,0.832,457.848,0.336,0.083,40.0,55.0,4.8,13.0,4.0,1.833,1.692,4.5,2.667,3.0,4.0,60.0
o33bd,1.0,2.222,1.333,0.0,2.3,4.0,1.389,3.583,5.833,3.583,2.6,1.333,3.0,1.0,3.0,4.0,11.0,-6.0,-20.0,40.0,66.667,75.0,3.0,15.0,5.0,3.0,1.5,3.25,3.0,5.0,4.0,0.819,4428.086,0.01,0.0,20.0,36.0,3.8,20.0,30.0,1.0,3.077,2.667,3.467,3.333,3.0,40.0
o3a2p,3.5,4.0,3.889,8.0,3.2,2.0,2.722,4.167,8.25,4.25,3.65,1.5,2.0,3.0,6.0,6.0,17.0,8.0,-10.0,40.0,66.667,75.0,9.0,6.0,3.75,3.5,1.5,3.75,6.0,5.0,4.0,0.806,0.0,0.0,-0.178,40.0,45.0,4.7,9.0,1.0,3.167,1.692,4.0,4.333,2.667,2.0,40.0
o3lxf,2.625,3.222,4.444,5.0,3.5,2.125,1.611,5.583,6.083,3.583,3.15,1.5,1.0,1.0,5.0,9.0,16.0,4.0,0.0,40.0,66.667,100.0,4.0,8.0,4.5,2.75,3.25,2.75,6.0,7.0,4.0,0.805,0.0,0.0,0.311,0.0,0.0,4.6,9.0,3.0,2.167,2.615,4.583,4.333,3.833,2.0,0.0
o9a24,3.25,4.444,4.889,7.0,3.6,1.5,4.0,4.583,8.083,3.333,4.35,2.833,1.0,2.0,5.0,4.0,12.0,-2.0,-25.0,40.0,100.0,75.0,8.0,6.0,3.75,3.75,3.0,4.5,2.0,6.0,2.0,0.803,4717.879,0.149,0.611,40.0,47.0,6.0,16.0,2.0,1.833,2.231,4.333,3.2,3.167,2.0,40.0
o9fsx,3.625,3.667,3.778,6.0,3.7,3.375,3.056,8.083,7.667,4.5,4.05,2.833,0.0,0.0,2.0,4.0,6.0,23.0,10.0,60.0,83.333,50.0,4.0,25.0,3.75,3.5,4.0,3.75,4.0,2.0,4.0,0.76,4717.879,0.033,0.206,60.0,45.0,5.2,18.0,16.0,2.75,3.231,3.0,4.0,2.833,2.0,40.0
oct5j,2.875,4.667,4.556,8.0,3.4,1.25,3.833,4.667,7.667,3.333,4.0,3.167,0.0,1.0,6.0,4.0,11.0,24.0,0.0,60.0,100.0,100.0,11.0,1.0,4.0,4.25,1.5,3.25,5.0,5.0,4.0,0.802,377.793,-0.045,0.2,80.0,45.0,5.3,14.0,9.0,1.583,1.692,4.833,3.333,2.833,2.0,40.0
ofe7w,3.25,2.556,3.889,8.0,4.8,3.875,4.167,5.5,5.667,3.5,4.15,3.167,1.0,0.0,8.0,8.0,17.0,23.0,8.0,100.0,50.0,50.0,6.0,7.0,4.0,3.75,3.5,4.25,5.0,5.0,4.0,0.795,454.8,0.122,-0.192,100.0,55.0,5.4,16.0,8.0,2.667,2.615,4.333,2.8,3.833,2.0,40.0
oscdf,2.375,4.111,4.778,8.0,3.4,2.75,3.333,4.417,7.167,3.75,4.2,4.0,4.0,1.0,8.0,8.0,21.0,12.0,3.0,60.0,50.0,100.0,5.0,13.0,4.0,3.75,2.25,4.0,7.0,6.0,4.0,0.833,0.0,0.0,0.133,0.0,0.0,4.9,8.0,3.0,2.083,2.692,5.0,3.8,2.667,2.0,40.0
oyp87,1.375,4.778,4.778,7.0,4.5,3.75,3.667,3.167,7.75,3.5,4.75,2.833,0.0,1.0,6.0,6.0,13.0,1.0,-1.0,60.0,66.667,75.0,11.0,35.0,4.75,5.0,1.5,4.0,6.0,2.0,4.0,0.806,33554949.264,0.021,-0.244,100.0,68.0,5.3,12.0,33.0,3.417,3.077,2.75,4.733,2.667,2.0,60.0
pqdwo,3.625,4.333,3.667,7.0,3.3,2.125,2.778,5.5,7.833,2.833,3.95,4.833,2.0,0.0,2.0,7.0,11.0,1.0,-7.0,0.0,83.333,50.0,6.0,4.0,5.0,4.5,4.0,4.25,5.0,6.0,2.0,0.819,-0.333,0.056,0.133,0.0,34.0,5.2,13.0,11.0,1.417,2.385,4.667,4.133,2.833,2.0,0.0
pw1a2,2.125,5.0,4.111,6.0,4.4,1.125,4.778,2.833,6.75,3.333,4.15,2.0,4.0,3.0,4.0,9.0,20.0,15.0,0.0,40.0,66.667,75.0,10.0,1.0,4.25,4.0,1.5,3.75,7.0,8.0,4.0,0.79,0.0,0.0,0.289,100.0,45.0,4.2,7.0,0.0,1.167,2.462,5.0,3.0,2.0,4.0,0.0
pzttc,2.625,3.667,2.889,8.0,4.2,4.125,1.778,5.417,7.917,3.583,4.2,2.667,1.0,2.0,8.0,7.0,18.0,7.0,-10.0,40.0,83.333,25.0,3.0,26.0,3.5,3.75,2.25,3.25,4.0,4.0,4.0,0.789,4823.011,0.083,0.344,80.0,55.0,4.6,15.0,29.0,3.333,2.538,1.667,4.667,2.667,3.0,60.0
q2hse,2.125,4.111,3.222,6.0,4.5,2.875,3.333,2.833,6.5,2.75,3.6,4.167,0.0,2.0,9.0,8.0,19.0,2.0,-9.0,40.0,83.333,75.0,7.0,0.0,3.0,3.5,2.5,2.25,3.0,4.0,3.0,0.853,114.076,0.101,-0.433,20.0,20.0,4.6,6.0,2.0,2.0,2.846,3.583,3.533,2.5,3.0,20.0
q31p6,3.75,4.0,4.667,7.0,3.7,2.0,3.833,4.833,6.25,4.0,3.6,4.0,2.0,1.0,6.0,9.0,18.0,14.0,10.0,40.0,83.333,75.0,3.0,2.0,3.25,4.0,3.75,4.0,6.0,7.0,4.0,0.851,16750.144,0.096,-0.028,0.0,0.0,4.7,11.0,1.0,2.167,2.846,4.917,2.333,2.333,4.0,40.0
qe5iw,3.5,4.778,2.889,4.0,4.4,2.75,4.056,6.583,8.083,3.917,4.15,4.0,3.0,3.0,9.0,10.0,25.0,13.0,4.0,40.0,66.667,100.0,3.0,3.0,5.0,4.25,5.0,3.75,7.0,7.0,4.0,0.909,0.0,0.0,0.117,100.0,55.0,5.8,17.0,3.0,3.167,2.538,3.75,3.867,3.333,3.0,40.0
qn6ki,2.125,4.556,3.111,6.0,4.1,2.875,4.111,4.25,7.583,3.917,4.6,5.0,4.0,2.0,7.0,8.0,21.0,9.0,4.0,40.0,66.667,100.0,0.0,6.0,4.5,4.25,2.5,2.75,6.0,7.0,4.0,0.791,0.0,0.0,0.033,40.0,55.0,4.8,17.0,10.0,2.167,3.308,4.167,3.133,2.833,2.0,40.0
qu2by,2.25,4.0,3.556,7.0,4.9,3.625,4.167,6.167,8.083,4.667,4.45,4.167,4.0,1.0,9.0,10.0,24.0,11.0,10.0,40.0,66.667,100.0,0.0,3.0,3.5,3.75,3.5,3.75,4.0,7.0,4.0,0.861,,,,60.0,43.0,5.6,12.0,2.0,2.25,2.846,4.75,3.733,2.333,1.0,40.0
qw4hl,1.75,4.111,3.778,7.0,3.9,3.5,4.056,4.417,6.25,4.25,4.05,4.333,4.0,2.0,9.0,10.0,25.0,10.0,9.0,40.0,83.333,100.0,8.0,0.0,3.75,4.0,2.75,4.5,6.0,8.0,4.0,0.74,0.0,0.0,-0.028,0.0,0.0,4.4,10.0,3.0,1.0,3.0,4.0,4.2,3.333,3.0,0.0
r11kw,2.375,3.667,4.222,5.0,2.5,4.25,1.278,4.5,6.455,5.0,3.9,5.0,2.0,0.0,5.0,4.0,11.0,9.0,-15.0,40.0,100.0,75.0,2.0,20.0,5.0,3.25,3.0,5.0,2.0,2.0,4.0,0.779,0.0,0.055,0.256,20.0,38.0,4.7,9.0,25.0,3.0,3.615,2.5,4.933,4.833,2.0,60.0
r82fi,2.875,3.444,3.778,8.0,2.9,2.0,2.444,5.667,5.417,2.167,2.2,4.167,2.0,1.0,6.0,5.0,14.0,11.0,0.0,60.0,100.0,25.0,8.0,3.0,4.75,3.75,4.0,3.75,4.0,6.0,4.0,0.777,0.0,0.0,-0.289,40.0,33.0,5.1,22.0,5.0,2.083,3.154,4.5,4.4,3.833,2.0,40.0
rf2g7,1.875,3.556,3.444,5.0,2.7,4.25,1.667,3.417,7.5,2.75,3.55,2.833,0.0,1.0,4.0,6.0,11.0,9.0,-5.0,40.0,83.333,100.0,6.0,20.0,4.25,2.0,2.5,3.75,5.0,4.0,4.0,0.799,0.0,0.0,0.611,40.0,29.0,5.3,24.0,28.0,1.25,2.538,2.083,4.133,4.0,3.0,40.0
ridfr,2.75,3.889,4.778,8.0,4.6,2.0,4.333,5.5,8.25,4.25,4.3,4.667,1.0,2.0,7.0,5.0,15.0,15.0,0.0,40.0,100.0,25.0,1.0,24.0,4.25,4.25,2.25,2.0,6.0,4.0,4.0,0.835,4823.011,-0.097,0.067,100.0,45.0,5.6,7.0,25.0,1.583,3.385,2.917,3.6,3.667,3.0,40.0
rkkav,1.875,4.0,4.556,8.0,3.5,4.0,4.167,4.167,6.417,3.75,3.95,3.0,1.0,2.0,9.0,10.0,22.0,8.0,-5.0,40.0,83.333,100.0,7.0,7.0,5.0,3.5,2.25,4.75,6.0,8.0,4.0,0.828,0.0,0.0,0.311,100.0,27.0,5.2,9.0,29.0,1.083,2.615,3.75,4.2,2.5,3.0,40.0
rlkzv,2.625,4.556,4.0,4.0,3.1,2.125,4.167,5.167,6.25,2.667,3.45,3.333,1.0,3.0,7.0,9.0,20.0,19.0,11.0,40.0,83.333,50.0,5.0,3.0,4.5,3.25,3.75,4.5,5.0,4.0,4.0,0.853,4.826,0.024,0.017,20.0,37.0,5.1,12.0,1.0,2.917,3.0,4.667,4.0,3.0,2.0,40.0
rzj8b,1.875,4.556,4.667,8.0,1.8,1.625,2.056,4.25,7.667,4.25,3.65,3.833,2.0,2.0,8.0,5.0,17.0,15.0,-5.0,40.0,83.333,100.0,7.0,1.0,3.5,3.75,2.0,4.5,6.0,8.0,4.0,0.869,0.0,0.125,-0.067,40.0,42.0,4.9,11.0,0.0,1.0,2.462,4.75,3.733,2.167,2.0,40.0
s6avc,1.625,4.111,4.111,7.0,3.4,1.75,2.667,6.917,7.0,3.25,3.7,2.667,1.0,0.0,8.0,5.0,14.0,6.0,0.0,40.0,83.333,50.0,10.0,10.0,3.75,3.25,2.25,3.5,6.0,6.0,3.0,0.841,0.0,0.0,0.0,40.0,45.0,5.2,9.0,16.0,3.0,3.308,4.417,3.6,3.333,2.0,40.0
sa9ho,2.0,4.667,4.222,7.0,4.6,1.375,4.056,3.583,7.833,2.25,3.85,3.5,1.0,2.0,9.0,11.0,23.0,12.0,3.0,60.0,100.0,100.0,10.0,3.0,5.0,3.5,1.75,3.5,6.0,6.0,4.0,0.823,0.0,0.0,0.189,100.0,100.0,5.3,12.0,2.0,3.25,2.923,4.833,3.533,3.667,2.0,60.0
sh3z4,2.625,2.667,4.444,8.0,3.7,3.625,3.056,5.333,4.75,2.917,3.3,1.333,3.0,4.0,4.0,10.0,21.0,7.0,10.0,20.0,83.333,100.0,4.0,5.0,4.5,3.25,2.75,2.75,5.0,8.0,4.0,0.808,4.826,0.097,0.05,60.0,33.0,4.6,11.0,6.0,1.833,2.615,3.583,3.867,3.833,2.0,40.0
slp0x,3.875,4.556,4.222,8.0,3.3,1.5,3.278,8.75,9.0,3.667,3.3,4.5,1.0,1.0,4.0,5.0,11.0,31.0,2.0,40.0,83.333,25.0,12.0,0.0,2.75,4.0,3.0,3.75,5.0,2.0,1.0,0.863,8263.548,0.303,0.544,40.0,45.0,4.9,8.0,3.0,2.5,2.538,4.083,3.0,2.833,2.0,40.0
ssiwx,4.75,4.778,5.0,8.0,5.0,1.0,4.111,3.167,7.833,4.917,3.95,5.0,3.0,0.0,8.0,11.0,22.0,8.0,-5.0,40.0,83.333,75.0,7.0,0.0,5.0,5.0,3.25,4.25,6.0,8.0,4.0,0.827,0.0,0.0,0.311,60.0,34.0,5.6,11.0,3.0,3.167,3.0,5.0,3.2,2.833,3.0,40.0
stahe,4.75,4.667,3.333,5.0,4.7,2.0,4.333,6.667,8.25,3.75,4.25,2.667,3.0,2.0,8.0,6.0,19.0,17.0,7.0,60.0,83.333,50.0,1.0,7.0,4.75,4.5,4.25,4.25,5.0,6.0,3.0,0.896,109.957,0.118,-0.356,100.0,25.0,5.9,14.0,29.0,4.667,3.231,2.833,3.133,3.167,2.0,60.0
sv357,2.75,4.222,3.444,4.0,2.7,4.25,2.167,5.273,8.5,4.417,3.9,1.667,1.0,0.0,2.0,6.0,9.0,6.0,-15.0,60.0,50.0,75.0,5.0,4.0,3.5,4.5,3.25,4.75,4.0,3.0,3.0,0.853,455.134,0.106,0.2,60.0,62.0,4.7,17.0,11.0,1.917,2.615,2.0,4.4,3.0,3.0,40.0
sw55g,3.125,5.0,4.111,4.0,4.4,3.375,4.056,4.583,8.167,2.5,4.35,3.833,3.0,3.0,7.0,6.0,19.0,18.0,5.0,40.0,83.333,100.0,0.0,40.0,3.75,4.5,1.75,4.25,1.0,5.0,4.0,0.875,,,,100.0,45.0,5.2,8.0,28.0,2.833,2.923,2.5,3.333,2.5,2.0,40.0
t2677,1.125,4.667,4.667,8.0,1.4,1.5,1.611,2.167,7.5,3.25,4.7,4.5,4.0,1.0,7.0,10.0,22.0,10.0,4.0,40.0,66.667,75.0,4.0,1.0,3.25,3.75,1.0,3.75,5.0,7.0,4.0,0.83,4.429,0.0,0.411,60.0,38.0,4.2,9.0,2.0,1.0,2.385,5.0,3.8,3.333,3.0,40.0
t3mwb,3.25,4.333,4.889,8.0,3.2,3.5,3.722,3.583,8.25,4.083,4.7,2.333,3.0,1.0,7.0,6.0,17.0,13.0,5.0,40.0,66.667,75.0,6.0,21.0,4.75,4.75,2.5,4.5,4.0,7.0,4.0,0.779,90.628,0.213,-0.1,20.0,34.0,5.1,12.0,16.0,1.167,2.846,4.167,4.8,3.0,3.0,40.0
t3qe4,1.375,4.667,4.222,7.0,3.4,1.75,2.111,2.917,7.75,4.5,4.15,4.0,3.0,3.0,3.0,7.0,16.0,0.0,1.0,40.0,83.333,100.0,9.0,1.0,3.75,3.75,1.5,4.0,7.0,8.0,4.0,0.85,0.0,0.0,0.444,40.0,45.0,4.1,6.0,0.0,1.333,2.462,4.917,3.6,1.833,2.0,40.0
t4ldc,4.25,3.778,4.0,8.0,4.7,2.125,3.0,4.583,7.0,3.917,4.3,4.0,2.0,0.0,2.0,5.0,9.0,12.0,-4.0,60.0,83.333,75.0,6.0,1.0,4.0,3.75,2.75,4.0,6.0,4.0,4.0,0.804,22390283.887,-0.076,0.017,100.0,46.0,5.2,18.0,0.0,3.917,3.154,3.0,3.067,2.667,2.0,40.0
t65ti,2.375,3.111,2.778,5.0,2.4,2.75,3.056,3.333,4.417,2.0,3.15,2.0,4.0,0.0,4.0,9.0,17.0,7.0,-8.0,40.0,83.333,75.0,10.0,2.0,1.25,1.25,1.5,1.25,6.0,8.0,3.0,0.846,0.0,0.0,0.172,0.0,0.0,2.6,12.0,13.0,2.083,1.462,3.667,1.8,1.833,2.0,0.0
t67m6,3.125,3.778,4.444,7.0,3.9,2.375,3.833,3.833,6.667,2.667,4.5,3.167,3.0,3.0,6.0,8.0,20.0,12.0,2.0,40.0,83.333,50.0,3.0,9.0,3.75,4.0,2.75,3.75,5.0,6.0,4.0,0.811,0.0,0.0,-0.011,40.0,30.0,5.0,8.0,2.0,2.167,2.769,3.917,2.533,3.5,2.0,40.0
t6mgm,3.125,4.0,4.556,8.0,2.8,2.375,2.5,8.333,7.583,4.083,3.85,5.0,2.0,0.0,3.0,7.0,12.0,18.0,5.0,40.0,50.0,50.0,9.0,14.0,4.5,4.0,4.25,4.75,4.0,4.0,4.0,0.85,195.76,0.087,0.178,20.0,56.0,6.3,11.0,13.0,3.583,3.231,3.667,3.867,3.667,2.0,40.0
t8dkc,2.5,3.667,4.444,8.0,3.7,2.375,4.0,3.667,7.5,3.5,2.3,2.833,3.0,4.0,5.0,9.0,21.0,9.0,10.0,40.0,66.667,75.0,5.0,6.0,4.75,3.75,2.25,3.75,5.0,8.0,4.0,0.869,0.0,0.0,0.122,100.0,36.0,5.0,8.0,8.0,1.833,2.385,3.667,3.533,3.167,3.0,60.0
tcget,3.625,2.889,3.778,4.0,3.0,3.375,3.111,8.75,8.917,3.583,2.95,3.0,0.0,1.0,2.0,7.0,10.0,14.0,0.0,40.0,66.667,75.0,7.0,0.0,3.25,4.0,3.5,3.5,6.0,2.0,2.0,0.734,398.065,0.039,0.361,40.0,20.0,4.2,9.0,3.0,3.417,2.462,2.833,3.4,3.0,2.0,20.0
tv81i,4.0,4.556,4.778,8.0,4.2,1.25,4.389,4.5,7.833,3.667,4.55,4.833,4.0,1.0,9.0,7.0,21.0,12.0,3.0,40.0,83.333,75.0,1.0,14.0,3.5,2.75,2.25,3.5,6.0,7.0,4.0,0.81,0.0,0.0,0.05,60.0,55.0,4.6,5.0,1.0,2.333,3.0,4.25,3.667,1.833,3.0,40.0
twpda,3.75,3.333,4.556,8.0,3.6,1.375,3.833,7.75,7.917,3.75,3.0,3.667,2.0,1.0,4.0,7.0,14.0,13.0,7.0,60.0,66.667,50.0,10.0,0.0,4.25,4.25,3.5,4.0,5.0,6.0,4.0,0.8,352.717,0.014,0.083,40.0,45.0,5.0,8.0,0.0,3.0,3.385,4.5,2.667,2.333,2.0,40.0
u41kq,4.25,5.0,5.0,8.0,4.5,1.125,4.722,4.333,6.583,3.75,4.15,2.833,2.0,1.0,7.0,5.0,15.0,15.0,0.0,100.0,100.0,50.0,13.0,0.0,4.5,3.75,1.75,4.0,7.0,6.0,4.0,0.854,0.0,0.0,0.067,20.0,36.0,4.2,9.0,1.0,1.667,3.077,4.917,2.667,2.167,2.0,60.0
uir5g,3.875,4.778,4.778,8.0,4.3,1.75,3.778,5.5,7.667,3.917,4.4,4.333,0.0,0.0,6.0,5.0,11.0,20.0,-2.0,60.0,83.333,75.0,8.0,1.0,4.25,4.5,3.0,5.0,6.0,4.0,4.0,0.829,4823.011,0.1,0.167,60.0,59.0,5.2,9.0,4.0,1.167,3.538,3.667,4.267,3.5,3.0,40.0
uk2vf,4.25,4.889,4.556,8.0,4.1,1.0,3.889,4.75,7.583,4.333,4.2,3.833,4.0,2.0,8.0,7.0,21.0,14.0,2.0,60.0,100.0,100.0,11.0,0.0,4.5,4.5,3.0,3.5,6.0,7.0,4.0,0.836,0.0,0.0,0.244,100.0,55.0,5.8,13.0,9.0,2.667,3.615,4.833,3.467,2.333,2.0,40.0
uo96e,2.125,4.111,3.667,8.0,4.4,2.5,4.0,4.25,5.083,3.25,2.9,4.0,4.0,3.0,7.0,10.0,24.0,6.0,2.0,20.0,83.333,50.0,3.0,2.0,4.5,3.25,3.5,3.25,6.0,8.0,4.0,0.865,4374.107,-0.067,-0.033,0.0,0.0,5.3,7.0,7.0,3.167,3.231,4.333,3.8,2.667,2.0,20.0
uv0ng,2.25,3.222,2.444,1.0,3.4,3.0,2.611,2.583,3.667,3.0,2.95,3.5,1.0,4.0,7.0,8.0,20.0,15.0,2.0,40.0,66.667,25.0,7.0,6.0,2.75,2.75,2.25,3.25,7.0,7.0,4.0,0.895,0.0,0.085,0.45,40.0,45.0,3.9,13.0,4.0,2.667,2.077,4.083,3.2,2.667,3.0,40.0
uy2vm,3.25,3.556,4.889,8.0,2.9,1.875,3.222,5.833,5.833,3.083,3.65,2.0,1.0,3.0,7.0,6.0,17.0,13.0,5.0,40.0,50.0,100.0,7.0,6.0,4.5,3.25,2.75,4.5,5.0,5.0,4.0,0.842,0.0,0.247,0.067,40.0,29.0,4.7,17.0,1.0,1.0,3.0,3.583,3.533,3.5,2.0,40.0
v1vbi,3.625,4.556,4.0,6.0,4.4,1.75,3.944,5.5,6.917,3.333,4.05,4.0,1.0,0.0,5.0,4.0,10.0,2.0,-3.0,40.0,83.333,25.0,7.0,0.0,4.75,4.5,2.5,4.25,5.0,2.0,4.0,0.834,-0.333,0.056,-0.067,40.0,45.0,5.0,13.0,13.0,3.083,3.077,4.167,2.867,2.833,2.0,40.0
v20pc,3.75,4.0,4.333,8.0,3.6,2.375,4.0,4.917,6.583,3.417,3.65,2.167,1.0,1.0,8.0,9.0,19.0,16.0,3.0,40.0,83.333,50.0,7.0,11.0,3.75,3.5,2.75,3.5,6.0,6.0,4.0,0.831,0.0,0.131,0.611,100.0,52.0,5.3,12.0,13.0,2.167,2.308,4.0,3.133,2.333,0.0,40.0
v2zfr,3.375,3.667,2.667,1.0,1.6,3.75,1.889,4.083,7.167,2.917,3.9,3.833,1.0,0.0,1.0,4.0,6.0,10.0,-19.0,40.0,50.0,50.0,5.0,2.0,3.25,3.75,2.0,4.25,4.0,4.0,2.0,0.814,1046498.343,0.014,0.667,40.0,41.0,4.0,13.0,15.0,2.167,2.769,3.25,3.8,2.5,3.0,40.0
v4cye,3.125,4.889,4.889,7.0,3.5,1.5,2.889,4.417,7.75,3.583,4.15,3.667,1.0,1.0,2.0,6.0,10.0,20.0,-5.0,40.0,100.0,50.0,8.0,0.0,4.75,4.75,3.0,4.5,2.0,1.0,4.0,0.731,398.065,0.093,0.3,40.0,45.0,4.9,15.0,3.0,2.083,2.923,4.5,4.333,2.667,1.0,40.0
vlxvq,4.375,5.0,5.0,8.0,5.0,1.125,4.556,3.25,8.75,4.417,4.5,5.0,3.0,2.0,6.0,5.0,16.0,9.0,5.0,100.0,50.0,75.0,8.0,0.0,4.5,5.0,1.5,5.0,6.0,6.0,4.0,0.784,0.0,0.0,0.1,60.0,59.0,5.5,9.0,0.0,3.333,3.385,4.833,3.533,3.0,2.0,60.0
vqz6r,1.875,4.111,4.444,8.0,4.6,2.75,4.222,5.5,6.25,4.0,3.05,3.833,1.0,0.0,7.0,6.0,14.0,8.0,0.0,40.0,83.333,100.0,8.0,11.0,5.0,3.25,3.75,2.5,6.0,4.0,1.0,0.832,2.336,0.027,0.611,40.0,36.0,5.5,6.0,10.0,3.417,3.0,3.583,3.467,3.333,2.0,40.0
wdfyy,3.0,3.444,4.0,7.0,4.1,2.875,3.611,6.0,6.833,2.833,3.85,3.0,4.0,3.0,9.0,6.0,22.0,6.0,14.0,40.0,83.333,50.0,5.0,3.0,4.25,4.0,2.75,4.0,6.0,7.0,4.0,0.865,14.051,0.11,0.083,40.0,22.0,5.0,11.0,9.0,3.583,3.077,2.917,3.733,3.333,2.0,20.0
we66f,1.25,5.0,5.0,8.0,2.1,2.0,4.333,3.917,8.75,5.0,4.35,5.0,3.0,0.0,8.0,5.0,16.0,14.0,8.0,60.0,33.333,75.0,11.0,6.0,5.0,4.75,2.0,4.0,3.0,3.0,4.0,0.8,398.065,0.011,0.611,60.0,48.0,3.8,10.0,5.0,1.0,2.385,4.833,3.533,2.0,3.0,60.0
wfreb,2.375,3.778,4.889,8.0,3.2,1.75,3.167,3.0,7.917,3.917,3.75,3.0,1.0,1.0,8.0,8.0,18.0,-13.0,-25.0,60.0,83.333,100.0,1.0,10.0,5.0,3.75,1.0,4.5,5.0,2.0,4.0,0.756,0.0,0.017,0.167,40.0,55.0,4.3,7.0,9.0,1.667,2.846,4.5,3.0,3.0,2.0,60.0
wrvfk,3.0,3.889,3.333,7.0,3.6,3.875,2.5,6.167,8.583,3.583,4.35,3.0,1.0,1.0,4.0,6.0,12.0,16.0,-2.0,0.0,83.333,75.0,3.0,26.0,4.5,4.5,3.75,4.5,7.0,5.0,4.0,0.791,4823.011,0.228,-0.111,40.0,50.0,5.1,10.0,18.0,2.25,3.077,2.5,4.133,3.667,2.0,40.0
wsyy4,5.0,4.778,4.333,8.0,3.8,1.75,3.667,3.583,5.75,2.583,4.25,4.167,3.0,4.0,4.0,6.0,17.0,15.0,-3.0,40.0,83.333,75.0,9.0,0.0,3.5,2.75,2.0,1.75,5.0,7.0,4.0,0.77,0.0,0.0,0.4,60.0,34.0,4.8,19.0,2.0,1.0,2.846,5.0,1.867,1.167,3.0,40.0
wwm84,2.25,3.778,3.444,2.0,4.2,2.125,3.611,3.167,7.0,4.083,4.05,3.667,2.0,0.0,6.0,7.0,15.0,20.0,5.0,80.0,100.0,75.0,4.0,17.0,4.0,4.0,1.0,4.0,4.0,4.0,4.0,0.866,32.755,0.013,-0.4,100.0,65.0,4.2,12.0,8.0,3.083,2.154,3.417,2.267,3.5,2.0,100.0
wxbai,3.875,4.222,4.667,7.0,4.4,2.625,3.0,6.917,6.75,3.667,3.1,5.0,2.0,0.0,4.0,5.0,11.0,25.0,6.0,40.0,100.0,75.0,4.0,1.0,3.25,3.5,2.75,3.25,6.0,3.0,4.0,0.804,0.0,0.0,0.611,40.0,33.0,4.3,9.0,2.0,3.5,3.0,3.917,3.267,3.0,3.0,40.0
wz6dl,2.5,3.889,4.778,8.0,3.5,3.5,2.389,6.833,6.417,4.083,4.15,4.333,2.0,1.0,6.0,5.0,14.0,6.0,-5.0,40.0,50.0,75.0,4.0,21.0,5.0,3.0,4.0,4.25,3.0,3.0,2.0,0.886,4823.011,0.142,0.344,20.0,6.0,4.7,7.0,38.0,3.583,3.154,2.167,4.467,4.167,1.0,20.0
x23wu,3.625,3.556,4.778,8.0,4.8,2.375,4.611,6.083,6.667,4.75,3.0,4.833,3.0,3.0,9.0,7.0,22.0,13.0,18.0,40.0,66.667,75.0,10.0,4.0,4.5,4.5,2.5,2.0,5.0,3.0,4.0,0.769,13734907601.058,-0.1,0.411,20.0,45.0,5.1,14.0,15.0,3.5,2.846,4.917,2.333,3.333,2.0,40.0
x8lvd,2.5,4.667,4.889,8.0,3.7,2.625,3.667,4.083,7.25,3.917,4.8,2.5,3.0,1.0,8.0,7.0,19.0,12.0,-4.0,40.0,83.333,100.0,10.0,14.0,3.75,4.75,2.5,4.75,5.0,7.0,4.0,0.825,0.0,0.0,-0.178,40.0,41.0,4.7,18.0,9.0,1.0,2.615,3.25,4.2,3.0,3.0,40.0
xhlgi,2.125,3.111,4.556,8.0,3.0,4.375,1.333,3.833,6.833,2.833,4.1,4.0,2.0,1.0,7.0,5.0,15.0,5.0,-5.0,40.0,66.667,75.0,5.0,20.0,5.0,2.25,1.5,3.0,4.0,6.0,4.0,0.769,0.0,0.0,-0.111,40.0,45.0,4.4,10.0,18.0,2.333,3.077,4.833,4.333,2.0,2.0,40.0
xj2yb,1.125,2.333,4.444,8.0,2.3,1.75,3.278,2.417,4.25,5.0,2.85,2.667,1.0,4.0,9.0,9.0,23.0,12.0,10.0,0.0,83.333,50.0,1.0,0.0,5.0,1.25,1.75,3.5,6.0,8.0,4.0,0.85,0.0,0.0,0.0,0.0,52.0,4.6,8.0,1.0,3.583,2.077,4.417,3.8,4.0,3.0,0.0
y2eke,1.0,2.0,3.444,6.0,1.0,2.375,1.167,2.5,4.0,1.75,1.5,2.5,4.0,3.0,6.0,5.0,18.0,16.0,10.0,40.0,66.667,50.0,5.0,0.0,5.0,1.5,1.0,1.75,5.0,8.0,4.0,0.896,0.0,0.0,-0.061,100.0,28.0,2.5,10.0,3.0,1.5,1.692,4.917,4.333,2.167,2.0,40.0
y2ysu,2.875,4.778,5.0,8.0,3.8,1.125,4.722,4.917,6.833,3.5,3.55,1.333,2.0,3.0,7.0,8.0,20.0,5.0,0.0,40.0,100.0,75.0,10.0,1.0,5.0,3.5,3.0,3.25,5.0,8.0,3.0,0.787,0.0,0.0,0.006,100.0,52.0,4.1,8.0,10.0,1.333,1.923,4.5,2.267,2.833,1.0,40.0
y78ay,2.25,4.0,3.667,5.0,4.5,3.0,4.611,5.667,7.583,3.5,4.65,4.667,1.0,1.0,9.0,9.0,20.0,21.0,19.0,40.0,100.0,100.0,3.0,1.0,4.0,3.75,3.25,4.0,7.0,7.0,4.0,0.776,0.31,-0.008,0.022,100.0,45.0,5.5,12.0,1.0,2.25,3.0,4.5,3.267,2.5,2.0,40.0
yfl6g,4.75,5.0,5.0,8.0,4.7,1.0,4.889,5.833,8.5,5.0,4.2,5.0,1.0,3.0,7.0,7.0,18.0,17.0,5.0,40.0,83.333,100.0,13.0,0.0,4.75,5.0,1.0,5.0,5.0,8.0,4.0,0.821,0.0,0.0,0.067,0.0,0.0,5.3,4.0,0.0,3.667,3.462,5.0,1.933,3.5,2.0,0.0
z2bfu,2.875,5.0,5.0,7.0,4.0,1.0,3.722,3.667,8.5,4.75,4.6,5.0,1.0,0.0,9.0,6.0,16.0,14.0,-5.0,40.0,100.0,75.0,13.0,2.0,4.5,4.5,2.0,4.0,6.0,5.0,4.0,0.849,0.0,0.0,0.133,100.0,55.0,4.3,11.0,3.0,2.417,2.769,5.0,3.533,2.0,2.0,40.0
zenjf,3.0,4.556,4.222,8.0,4.6,1.0,3.889,1.75,5.583,3.083,2.4,4.833,3.0,3.0,9.0,9.0,24.0,14.0,14.0,40.0,66.667,75.0,9.0,1.0,5.0,3.5,1.0,2.0,6.0,8.0,4.0,0.787,-0.971,0.131,0.611,40.0,45.0,4.0,9.0,0.0,2.833,2.077,5.0,1.867,3.5,2.0,40.0
zgz4t,3.75,4.778,3.556,7.0,4.0,2.375,4.056,5.333,6.5,3.0,4.7,4.333,1.0,4.0,9.0,6.0,20.0,10.0,15.0,100.0,100.0,75.0,3.0,11.0,4.75,5.0,4.0,5.0,5.0,4.0,4.0,0.829,0.0,0.0,0.394,100.0,45.0,6.0,18.0,6.0,2.417,3.385,2.5,3.4,3.5,2.0,40.0
zlfti,3.0,4.222,5.0,8.0,4.9,1.0,4.778,3.667,6.833,2.333,4.25,2.0,2.0,3.0,9.0,11.0,25.0,5.0,-5.0,40.0,83.333,75.0,10.0,0.0,4.5,3.25,1.5,3.25,3.0,7.0,4.0,0.756,0.0,0.0,0.506,40.0,45.0,4.8,7.0,1.0,1.167,3.077,5.0,4.2,3.167,2.0,40.0
ztc36,3.375,4.444,5.0,8.0,4.7,1.0,4.722,6.333,9.0,3.917,4.35,4.833,0.0,0.0,1.0,4.0,5.0,25.0,1.0,40.0,100.0,25.0,11.0,0.0,5.0,5.0,3.5,4.75,2.0,3.0,4.0,0.824,0.0,0.0,0.0,60.0,53.0,6.1,11.0,1.0,3.167,3.0,4.917,4.067,2.833,2.0,40.0
